source_group,clean_name,occurrences,sample_raw_name,suggested_category,suggested_country_code,suggested_country_name,suggested_logo_url,match_reason,match_score,matched_id,matched_name,matched_country,matched_country_name,matched_categories,matched_website,override_category,override_country_code,override_logo_url,override_tvg_id,override_matched_name,override_matched_country,override_website,notes
Arabia,BEIN PREMUIM2,3,BEIN PREMUIM2 FHD .b,Ulusal,,Arabia,,,,,,,,,,,,,,,,,
Arabia,AL ARABIYA NEWS,2,AL ARABIYA NEWS FHD .b,Haber,,Arabia,,,,,,,,,,,,,,,,,
Arabia,AL JAZEERA DOC,2,AL JAZEERA DOC .b,Haber,,Arabia,,,,,,,,,,,,,,,,,
Arabia,BEIN AFC2,2,BEIN AFC2 HD .b,Ulusal,,Arabia,,,,,,,,,,,,,,,,,
Arabia,BEIN AFC3,2,BEIN AFC3 HD .b,Ulusal,,Arabia,,,,,,,,,,,,,,,,,
Arabia,BEIN PREMUIM1,2,BEIN PREMUIM1 FHD .b,Ulusal,,Arabia,,,,,,,,,,,,,,,,,
Arabia,BEIN PREMUIM3,2,BEIN PREMUIM3 HD .b,Ulusal,,Arabia,,,,,,,,,,,,,,,,,
Arabia,BEIN SPORTS 1 PREMIUM,2,BEIN SPORTS 1 PREMIUM HEVC .b,Spor,,Arabia,,,,,,,,,,,,,,,,,
Arabia,BEIN SPORTS 10,2,BEIN SPORTS 10 .b,Spor,,Arabia,,,,,,,,,,,,,,,,,
Arabia,BEIN SPORTS 2 BACKUP,2,BEIN SPORTS 2 (BACKUP) .b,Spor,,Arabia,,,,,,,,,,,,,,,,,
Arabia,BEIN SPORTS 2 PREMIUM,2,BEIN SPORTS 2 PREMIUM HEVC .b,Spor,,Arabia,,,,,,,,,,,,,,,,,
Arabia,CABLE IMAGEN ARMSTRONG,2,CABLE IMAGEN ARMSTRONG .b,Ulusal,AR,Argentina,https://i.imgur.com/U9NuJQC.png,iptv-org-exact,1.100,CableImagenArmstrong.ar,Cable Imagen Armstrong,AR,Argentina,,https://cablearmstrong.com.ar/,,,,,,,,
Arabia,CANAL 11 DE LA COSTA,2,CANAL 11 DE LA COSTA .b,Ulusal,AR,Argentina,https://i.imgur.com/yYExcq1.jpg,iptv-org-exact,1.100,Canal11delaCosta.ar,Canal 11 de la Costa,AR,Argentina,,https://canal11delacosta.com.ar/,,,,,,,,
Arabia,CANAL 12 PUERTO MADRYN,2,CANAL 12 PUERTO MADRYN .b,Ulusal,,Arabia,,,,,,,,,,,,,,,,,
Arabia,CANAL 13 LA RIOJA,2,CANAL 13 LA RIOJA .b,Ulusal,AR,Argentina,https://i.imgur.com/OI97Sgq.png,iptv-org-exact,1.100,Canal13LaRioja.ar,Canal 13 La Rioja,AR,Argentina,,,,,,,,,,
Arabia,CANAL 2 MISIONES,2,CANAL 2 MISIONES .b,Ulusal,AR,Argentina,https://i.imgur.com/YqTNXDf.png,iptv-org-exact,1.100,Canal2Misiones.ar,Canal 2 Misiones,AR,Argentina,,https://www.canal2misiones.com.ar/,,,,,,,,
Arabia,CANAL 4 ESQUEL,2,CANAL 4 ESQUEL .b,Ulusal,AR,Argentina,https://i.imgur.com/6kbOr16.png,iptv-org-exact,1.100,Canal4Esquel.ar,Canal 4 Esquel,AR,Argentina,,https://canal4esquel.com.ar/,,,,,,,,
Arabia,CANAL 4 SAN JUAN,2,CANAL 4 SAN JUAN .b,Ulusal,AR,Argentina,https://i.imgur.com/MsCnwRA.png,iptv-org-exact,1.100,Canal4SanJuan.ar,Canal 4 San Juan,AR,Argentina,,http://www.canal4sanjuan.com.ar/digital/,,,,,,,,
Arabia,CANAL 6 MORENO,2,CANAL 6 MORENO .b,Ulusal,AR,Argentina,https://i.imgur.com/TefE4HC.png,iptv-org-exact,1.100,Canal6Moreno.ar,Canal 6 Moreno,AR,Argentina,,https://canal6moreno.com/,,,,,,,,
Arabia,CANAL 7 JUJUY,2,CANAL 7 JUJUY .b,Ulusal,AR,Argentina,https://i.imgur.com/K0jk8p4.png,iptv-org-exact,1.100,Canal7Jujuy.ar,Canal 7 Jujuy,AR,Argentina,,http://www.radiovisionjujuy.com.ar/canal7dejujuy,,,,,,,,
Arabia,CANAL 79 LA COSTA,2,CANAL 79 LA COSTA .b,Ulusal,AR,Argentina,https://i.imgur.com/HYuSqJy.png,iptv-org-exact,1.100,Canal79LaCosta.ar,Canal 79 La Costa,AR,Argentina,,https://canal79tv.com.ar/la-costa/,,,,,,,,
Arabia,CANAL 9 LITORAL,2,CANAL 9 LITORAL .b,Ulusal,AR,Argentina,https://upload.wikimedia.org/wikipedia/commons/a/ad/Canal_9_Litoral_2021.png,iptv-org-exact,1.100,Canal9Litoral.ar,Canal 9 Litoral,AR,Argentina,,https://9digital.com.ar/,,,,,,,,
Arabia,CN3 PINAMAR,2,CN3 PINAMAR .b,Ulusal,,Arabia,,,,,,,,,,,,,,,,,
Arabia,DW ARABIC,2,DW ARABIC .c,Ulusal,,Arabia,,,,,,,,,,,,,,,,,
Arabia,HBO PLUS,2,HBO+ .b,Film,BR,Brazil,https://upload.wikimedia.org/wikipedia/commons/thumb/f/f9/Logohboplus2019.svg/960px-Logohboplus2019.svg.png,iptv-org-exact,1.100,HBOPlus.br,HBO+,BR,Brazil,,https://www.hbobrasil.com/,,,,,,,,
Arabia,KANAL D DRAMA,2,KANAL D DRAMA .b,Film,AL,Albania,https://i.ibb.co/7ykfjhL/unnamed-removebg.png,iptv-org-exact,1.100,KanalDDrama.al,Kanal D Drama,AL,Albania,,,,,,,,,,
Arabia,MYHD MBC ACTION,2,MYHD-MBC ACTION HD .b,Film,,Arabia,,,,,,,,,,,,,,,,,
Arabia,RTN NEUQUEN,2,RTN NEUQUEN .b,Ulusal,,Arabia,,,,,,,,,,,,,,,,,
Arabia,SAT 7 ARABIC,2,SAT 7 ARABIC .b,Ulusal,CY,Cyprus,https://i.imgur.com/BzDjQeQ.png,iptv-org-exact,1.100,Sat7Arabic.cy,Sat 7 Arabic,CY,Cyprus,,https://sat7.org/our-channels/channel-overview/sat-7-arabic,,,,,,,,
Arabia,SAUDI QURAN,2,SAUDI QURAN .b,Dini,,Arabia,,,,,,,,,,,,,,,,,
Arabia,SAUDI SUNNAH,2,SAUDI SUNNAH .b,Ulusal,,Arabia,,,,,,,,,,,,,,,,,
Arabia,SKY NEWS ARABIC,2,SKY NEWS ARABIC .b,Haber,,Arabia,,,,,,,,,,,,,,,,,
Arabia,SNIPERS ANIME,2,SNIPERS ANIME .b,Cocuk,,Arabia,,,,,,,,,,,,,,,,,
Arabia,SOMOS LA PAMPA,2,SOMOS LA PAMPA .b,Ulusal,AR,Argentina,https://i.imgur.com/BUNvyTY.png,iptv-org-exact,1.100,SomosLaPampa.ar,Somos La Pampa,AR,Argentina,,https://www.somosnoticias.com.ar/,,,,,,,,
Arabia,SPACE,2,SPACE .b,Ulusal,AR,Argentina,https://upload.wikimedia.org/wikipedia/commons/thumb/1/1a/SpaceLogo.svg/960px-SpaceLogo.svg.png,iptv-org-exact,1.100,Space.ar,Space,AR,Argentina,,https://canalspacela.com/,,,,,,,,
Arabia,STUDIO UNIVERSAL,2,STUDIO UNIVERSAL .b,Ulusal,US,United States,https://upload.wikimedia.org/wikipedia/commons/thumb/7/74/StudioUniversal2016.png/960px-StudioUniversal2016.png,iptv-org-fuzzy,0.857,StudioUniversalAfrica.us,Studio Universal Africa,US,United States,,http://www.universalplus.com/,,,,,,,,
Arabia,TLC,2,TLC .b,Yasam,FR,France,https://i.imgur.com/UdLeLar.jpg,iptv-org-exact,1.100,TelevisionLocaleduCholetais.fr,Television Locale du Choletais,FR,France,general,http://www.tlc-cholet.fr/,,,,,,,,
Arabia,TNT SERIES,2,TNT SERIES .b,Film,,Arabia,,,,,,,,,,,,,,,,,
Arabia,TVU UNIVERSIDAD NACIONAL DE LA PLATA,2,TVU UNIVERSIDAD NACIONAL DE LA PLATA .b,Ulusal,,Arabia,,,,,,,,,,,,,,,,,
Arabia,UNITEVE,2,UNITEVE .b,Ulusal,AR,Argentina,https://pbs.twimg.com/profile_images/720276300888453120/a_SDOmBc_400x400.jpg,iptv-org-exact,1.100,Uniteve.ar,Uniteve,AR,Argentina,,http://uniteve.com.ar/,,,,,,,,
Arabia,VOLVER,2,VOLVER .b,Ulusal,AR,Argentina,https://i.imgur.com/PYvSZMb.png,iptv-org-exact,1.100,Volver.ar,Volver,AR,Argentina,,https://www.volver.com.ar/,,,,,,,,
Arabia,WOBI TV,2,WOBI TV .b,Ulusal,AR,Argentina,https://i.imgur.com/uW4WIvC.png,iptv-org-exact,1.100,WOBI.ar,WOBI,AR,Argentina,,https://www.wobi.com/,,,,,,,,
Arabia,2M TNT,1,2M TNT .b,Ulusal,,Arabia,,,,,,,,,,,,,,,,,
Arabia,5ARG V CORRIENTES,1,5ARG: V CORRIENTES .b,Ulusal,,Arabia,,,,,,,,,,,,,,,,,
Arabia,ABU DHABI SPORT ASIA 1,1,ABU DHABI SPORT ASIA 1 .b,Spor,,Arabia,,,,,,,,,,,,,,,,,
Arabia,ABU DHABI SPORT ASIA 2,1,ABU DHABI SPORT ASIA 2 .b,Spor,,Arabia,,,,,,,,,,,,,,,,,
Arabia,AD SPORTS PREMIUM 2,1,AD SPORTS PREMIUM 2 HD .b,Spor,,Arabia,,,,,,,,,,,,,,,,,
Arabia,AFC NO LOGO,1,AFC NO LOGO .b,Ulusal,,Arabia,,,,,,,,,,,,,,,,,
Arabia,AFLAMTV 7 MAROC,1,AFLAMTV.7.MAROC .b,Ulusal,,Arabia,,,,,,,,,,,,,,,,,
Arabia,AL ALMAWSLEYA TV,1,AL ALMAWSLEYA TV .b,Ulusal,,Arabia,,,,,,,,,,,,,,,,,
Arabia,AL ANBAR TV,1,AL ANBAR TV .b,Ulusal,IQ,Iraq,https://i.imgur.com/xQOZIGt.png,iptv-org-fuzzy,0.891,AnbarTVChannel.iq,Anbar TV Channel,IQ,Iraq,,,,,,,,,,
Arabia,AL AOULA LAYOUNE,1,AL AOULA LAYOUNE .b,Ulusal,,Arabia,,,,,,,,,,,,,,,,,
Arabia,AL ARABIYA AL HADATH,1,AL ARABIYA AL HADATH .b,Ulusal,,Arabia,,,,,,,,,,,,,,,,,
Arabia,AL BASIRA TV,1,AL BASIRA TV .c,Ulusal,,Arabia,,,,,,,,,,,,,,,,,
Arabia,AL EMARAT,1,AL EMARAT .b,Ulusal,,Arabia,,,,,,,,,,,,,,,,,
Arabia,AL FAJR 1,1,AL FAJR 1 HD .b,Ulusal,,Arabia,,,,,,,,,,,,,,,,,
Arabia,AL HANEEN,1,AL HANEEN .c,Ulusal,,Arabia,,,,,,,,,,,,,,,,,
Arabia,AL HAYAT BACKUP,1,AL HAYAT (BACKUP) .b,Ulusal,,Arabia,,,,,,,,,,,,,,,,,
Arabia,AL HAYAT MUSALSALAT,1,AL HAYAT MUSALSALAT .b,Ulusal,,Arabia,,,,,,,,,,,,,,,,,
Arabia,AL HURRA IRAQ BACKUP,1,AL HURRA IRAQ (BACKUP) .b,Ulusal,,Arabia,,,,,,,,,,,,,,,,,
Arabia,AL JAZEERA ARABIC,1,AL JAZEERA ARABIC .b,Haber,,Arabia,,,,,,,,,,,,,,,,,
Arabia,AL JAZEERA EN,1,AL JAZEERA EN .c,Haber,,Arabia,,,,,,,,,,,,,,,,,
Arabia,AL KASS SPORTS 1,1,AL KASS SPORTS 1 .b,Spor,,Arabia,,,,,,,,,,,,,,,,,
Arabia,AL KASS SPORTS 2,1,AL KASS SPORTS 2 .b,Spor,,Arabia,,,,,,,,,,,,,,,,,
Arabia,AL MAJD 1,1,AL MAJD 1 .b,Ulusal,,Arabia,,,,,,,,,,,,,,,,,
Arabia,AL MAJD HADITH,1,AL MAJD HADITH .b,Ulusal,,Arabia,,,,,,,,,,,,,,,,,
Arabia,AL MAJD ILMIYA,1,AL MAJD ILMIYA .b,Ulusal,,Arabia,,,,,,,,,,,,,,,,,
Arabia,AL MAJD QURAN,1,AL MAJD QURAN .b,Dini,,Arabia,,,,,,,,,,,,,,,,,
Arabia,AL MALAKOOT,1,AL MALAKOOT .c,Ulusal,,Arabia,,,,,,,,,,,,,,,,,
Arabia,AL MASREYA 2,1,AL MASREYA 2 .b,Ulusal,,Arabia,,,,,,,,,,,,,,,,,
Arabia,AL MAWSLEYA,1,AL MAWSLEYA .b,Ulusal,IQ,Iraq,https://i.imgur.com/sx9OGhX.png,iptv-org-exact,1.100,AlMawsleyaTV.iq,Al Mawsleya TV,IQ,Iraq,,,,,,,,,,
Arabia,AL MUSTAFA TV,1,AL MUSTAFA TV .b,Ulusal,,Arabia,,,,,,,,,,,,,,,,,
Arabia,AL NAHAR DRAMA BACKUP,1,AL NAHAR DRAMA (BACKUP) .b,Film,,Arabia,,,,,,,,,,,,,,,,,
Arabia,AL NAS,1,AL NAS .b,Ulusal,,Arabia,,,,,,,,,,,,,,,,,
Arabia,AL QAMAR TV,1,AL QAMAR TV .c,Ulusal,AE,United Arab Emirates,https://i.imgur.com/zkBT0C8.png,iptv-org-exact,1.100,AlQamarTV.ae,Al Qamar TV,AE,United Arab Emirates,,,,,,,,,,
Arabia,AL RISSALA TV,1,AL RISSALA TV .b,Ulusal,,Arabia,,,,,,,,,,,,,,,,,
Arabia,AL SHARQIYA NEWS BACKUP,1,AL SHARQIYA NEWS (BACKUP) .b,Haber,,Arabia,,,,,,,,,,,,,,,,,
Arabia,AL SIRAT TV,1,AL SIRAT TV .b,Ulusal,,Arabia,,,,,,,,,,,,,,,,,
Arabia,AL TAREK TV,1,AL TAREK TV .c,Ulusal,,Arabia,,,,,,,,,,,,,,,,,
Arabia,AL YAWM TV,1,AL YAWM TV .b,Ulusal,AE,United Arab Emirates,https://i.imgur.com/0HYTK6w.png,iptv-org-exact,1.100,AlYawm.ae,Al Yawm,AE,United Arab Emirates,,https://alfatv.com/tv/,,,,,,,,
Arabia,ALASKANDRIA,1,ALASKANDRIA .b,Ulusal,,Arabia,,,,,,,,,,,,,,,,,
Arabia,ALFA CINEMA 1,1,ALFA CINEMA 1 .b,Film,,Arabia,,,,,,,,,,,,,,,,,
Arabia,ALFA CINEMA 2,1,ALFA CINEMA 2 .b,Film,,Arabia,,,,,,,,,,,,,,,,,
Arabia,ALFA FANN,1,ALFA FANN .b,Ulusal,,Arabia,,,,,,,,,,,,,,,,,
Arabia,ALFA MOUSALSALAT,1,ALFA MOUSALSALAT HD .b,Ulusal,,Arabia,,,,,,,,,,,,,,,,,
Arabia,ALFA MOUSALSALAT 2,1,ALFA MOUSALSALAT 2 HD .b,Ulusal,,Arabia,,,,,,,,,,,,,,,,,
Arabia,ALGERIE 1,1,ALGERIE 1 .b,Ulusal,,Arabia,,,,,,,,,,,,,,,,,
Arabia,ALGERIE 5 TV CORAN,1,ALGERIE 5 TV CORAN .b,Ulusal,,Arabia,,,,,,,,,,,,,,,,,
Arabia,ALHAYAT MUSLSALAT,1,ALHAYAT MUSLSALAT .b,Ulusal,,Arabia,,,,,,,,,,,,,,,,,
Arabia,ALHAYAT WE ALNAS,1,ALHAYAT WE ALNAS .b,Ulusal,,Arabia,,,,,,,,,,,,,,,,,
Arabia,ALHURRA 720P,1,ALHURRA (720P) .b,Ulusal,,Arabia,,,,,,,,,,,,,,,,,
Arabia,ALIMAN TV 240P NOT 24 7,1,ALIMAN TV (240P) [NOT 24/7] .b,Ulusal,,Arabia,,,,,,,,,,,,,,,,,
Arabia,ALJAZEERA DOC,1,ALJAZEERA DOC .b,Haber,,Arabia,,,,,,,,,,,,,,,,,
Arabia,ALKAHERA,1,ALKAHERA .b,Ulusal,,Arabia,,,,,,,,,,,,,,,,,
Arabia,ALKARMA TV,1,ALKARMA TV .c,Ulusal,,Arabia,,,,,,,,,,,,,,,,,
Arabia,ALKASS 1,1,ALKASS 1 HD .b,Ulusal,,Arabia,,,,,,,,,,,,,,,,,
Arabia,ALKASS 2,1,ALKASS 2 HD .b,Ulusal,,Arabia,,,,,,,,,,,,,,,,,
Arabia,ALKASS 3,1,ALKASS 3 HD .b,Ulusal,,Arabia,,,,,,,,,,,,,,,,,
Arabia,ALKASS 4,1,ALKASS 4 HD .b,Ulusal,,Arabia,,,,,,,,,,,,,,,,,
Arabia,ALKASS 5,1,ALKASS 5 HD .b,Ulusal,,Arabia,,,,,,,,,,,,,,,,,
Arabia,ALKASS 6,1,ALKASS 6 HD .b,Ulusal,,Arabia,,,,,,,,,,,,,,,,,
Arabia,ALMOURABITOUNE,1,ALMOURABITOUNE .b,Ulusal,,Arabia,,,,,,,,,,,,,,,,,
Arabia,ALTERNATIVE,1,ALTERNATIVE .c,Ulusal,,Arabia,,,,,,,,,,,,,,,,,
Arabia,ALTHANYA,1,ALTHANYA .b,Ulusal,,Arabia,,,,,,,,,,,,,,,,,
Arabia,ALYAMAN SHABAB NOT 24 7,1,ALYAMAN SHABAB (FHD) [NOT 24/7] .b,Ulusal,,Arabia,,,,,,,,,,,,,,,,,
Arabia,AMAZON PRIME,1,AMAZON PRIME .c,Ulusal,,Arabia,,,,,,,,,,,,,,,,,
Arabia,AMAZON PRIME 2,1,AMAZON PRIME 2 .c,Ulusal,,Arabia,,,,,,,,,,,,,,,,,
Arabia,AMAZON PRIME 3,1,AMAZON PRIME 3 .c,Ulusal,,Arabia,,,,,,,,,,,,,,,,,
Arabia,AMC AFG,1,AMC AFG .b,Film,,Arabia,,,,,,,,,,,,,,,,,
Arabia,ART CINEMA BACKUP,1,ART CINEMA (BACKUP) .b,Film,,Arabia,,,,,,,,,,,,,,,,,
Arabia,ASIL TV,1,ASIL TV .b,Ulusal,IR,Iran,https://i.imgur.com/gROQqFD.png,iptv-org-exact,1.100,AsilTV.ir,Asil TV,IR,Iran,,http://webtv.islamasil.net/,,,,,,,,
Arabia,ASSYRIAN GLOBAL NETWORK AGN TV,1,ASSYRIAN GLOBAL NETWORK (AGN TV) .c,Ulusal,,Arabia,,,,,,,,,,,,,,,,,
Arabia,ATHAGAVIA MOURITANIA,1,ATHAGAVIA MOURITANIA .b,Ulusal,,Arabia,,,,,,,,,,,,,,,,,
Arabia,ATN AFG,1,ATN AFG .b,Ulusal,,Arabia,,,,,,,,,,,,,,,,,
Arabia,ATN NEWS AFG,1,ATN NEWS AFG .b,Haber,,Arabia,,,,,,,,,,,,,,,,,
Arabia,AUDEH 480P,1,AUDEH (480P) .b,Ulusal,,Arabia,,,,,,,,,,,,,,,,,
Arabia,AWDEH,1,AWDEH .b,Ulusal,JO,Jordan,https://i.imgur.com/NEEB8NH.png,iptv-org-exact,1.100,Awdeh.jo,Awdeh,JO,Jordan,,,,,,,,,,
Arabia,AYAT QURAN,1,AYAT QURAN .b,Dini,,Arabia,,,,,,,,,,,,,,,,,
Arabia,AYNA AFG,1,AYNA AFG .b,Ulusal,,Arabia,,,,,,,,,,,,,,,,,
Arabia,AZAHARES RADIO MULTIMEDIA,1,AZAHARES RADIO MULTIMEDIA .b,Ulusal,,Arabia,,,,,,,,,,,,,,,,,
Arabia,BBC NEWS ARABIC,1,BBC NEWS ARABIC .b,Haber,,Arabia,,,,,,,,,,,,,,,,,
Arabia,BBC WORLD NEWS,1,BBC WORLD NEWS .c,Haber,,Arabia,,,,,,,,,,,,,,,,,
Arabia,BEIN AMC,1,BEIN AMC HD .b,Film,,Arabia,,,,,,,,,,,,,,,,,
Arabia,BEIN BARAEM 2,1,BEIN BARAEM 2 .b,Ulusal,,Arabia,,,,,,,,,,,,,,,,,
Arabia,BEIN BOOMERANG,1,BEIN BOOMERANG HD .b,Cocuk,,Arabia,,,,,,,,,,,,,,,,,
Arabia,BEIN DISCOVERY FAMILY,1,BEIN DISCOVERY FAMILY HD .b,Belgesel,,Arabia,,,,,,,,,,,,,,,,,
Arabia,BEIN DRAMA,1,BEIN DRAMA HD .b,Film,,Arabia,,,,,,,,,,,,,,,,,
Arabia,BEIN DREAMWORKS,1,BEIN DREAMWORKS HD .b,Ulusal,,Arabia,,,,,,,,,,,,,,,,,
Arabia,BEIN DTX,1,BEIN DTX HD .b,Ulusal,,Arabia,,,,,,,,,,,,,,,,,
Arabia,BEIN FOX,1,BEIN FOX HD .b,Ulusal,,Arabia,,,,,,,,,,,,,,,,,
Arabia,BEIN FOX CRIME,1,BEIN FOX CRIME .b,Film,,Arabia,,,,,,,,,,,,,,,,,
Arabia,BEIN OUTDOOR,1,BEIN OUTDOOR HD .b,Ulusal,,Arabia,,,,,,,,,,,,,,,,,
Arabia,BEIN SPORTS 1 BACKUP 3,1,BEIN SPORTS 1 HD (BACKUP 3) .b,Spor,,Arabia,,,,,,,,,,,,,,,,,
Arabia,BEIN SPORTS 1 PREMIUM 1MB,1,BEIN SPORTS 1 PREMIUM 1MB .b,Spor,,Arabia,,,,,,,,,,,,,,,,,
Arabia,BEIN SPORTS 1 PREMIUM BACKUP,1,BEIN SPORTS 1 PREMIUM (BACKUP) .b,Spor,,Arabia,,,,,,,,,,,,,,,,,
Arabia,BEIN SPORTS 1 PREMIUM H265,1,BEIN SPORTS 1 PREMIUM 4K H265 .b,Spor,,Arabia,,,,,,,,,,,,,,,,,
Arabia,BEIN SPORTS 11,1,BEIN SPORTS 11 .b,Spor,,Arabia,,,,,,,,,,,,,,,,,
Arabia,BEIN SPORTS 12,1,BEIN SPORTS 12 HD .b,Spor,,Arabia,,,,,,,,,,,,,,,,,
Arabia,BEIN SPORTS 13,1,BEIN SPORTS 13 HD .b,Spor,,Arabia,,,,,,,,,,,,,,,,,
Arabia,BEIN SPORTS 2 BACKUP 2,1,BEIN SPORTS 2 HD (BACKUP 2) .b,Spor,,Arabia,,,,,,,,,,,,,,,,,
Arabia,BEIN SPORTS 2 BACKUP 3,1,BEIN SPORTS 2 HD (BACKUP 3) .b,Spor,,Arabia,,,,,,,,,,,,,,,,,
Arabia,BEIN SPORTS 2 EN,1,BEIN SPORTS 2 EN FHD .b,Spor,,Arabia,,,,,,,,,,,,,,,,,
Arabia,BEIN SPORTS 2 LOCAL,1,BEIN SPORTS 2 HD LOCAL .b,Spor,,Arabia,,,,,,,,,,,,,,,,,
Arabia,BEIN SPORTS 2 PREMIUM 1080 LOCAL,1,BEIN SPORTS 2 PREMIUM 1080 LOCAL .b,Spor,,Arabia,,,,,,,,,,,,,,,,,
Arabia,BEIN SPORTS 2 PREMIUM 1MB,1,BEIN SPORTS 2 PREMIUM 1MB .b,Spor,,Arabia,,,,,,,,,,,,,,,,,
Arabia,BEIN SPORTS 2 PREMIUM H265,1,BEIN SPORTS 2 PREMIUM 4K H265 .b,Spor,,Arabia,,,,,,,,,,,,,,,,,
Arabia,BEIN SPORTS 2 PREMIUM LOW,1,BEIN SPORTS 2 PREMIUM LOW .b,Spor,,Arabia,,,,,,,,,,,,,,,,,
Arabia,BEIN SPORTS 3 BACKUP,1,BEIN SPORTS 3 (BACKUP) .b,Spor,,Arabia,,,,,,,,,,,,,,,,,
Arabia,BEIN SPORTS 3 BACKUP 2,1,BEIN SPORTS 3 HD (BACKUP 2) .b,Spor,,Arabia,,,,,,,,,,,,,,,,,
Arabia,BEIN SPORTS 3 BACKUP 3,1,BEIN SPORTS 3 HD (BACKUP 3) .b,Spor,,Arabia,,,,,,,,,,,,,,,,,
Arabia,BEIN SPORTS 3 LOCAL,1,BEIN SPORTS 3 HD LOCAL .b,Spor,,Arabia,,,,,,,,,,,,,,,,,
Arabia,BEIN SPORTS 3 PREMIUM,1,BEIN SPORTS 3 PREMIUM HEVC .b,Spor,,Arabia,,,,,,,,,,,,,,,,,
Arabia,BEIN SPORTS 3 PREMIUM 1080 LOCAL,1,BEIN SPORTS 3 PREMIUM 1080 LOCAL .b,Spor,,Arabia,,,,,,,,,,,,,,,,,
Arabia,BEIN SPORTS 3 PREMIUM 1MB,1,BEIN SPORTS 3 PREMIUM 1MB .b,Spor,,Arabia,,,,,,,,,,,,,,,,,
Arabia,BEIN SPORTS 3 PREMIUM LOW,1,BEIN SPORTS 3 PREMIUM LOW .b,Spor,,Arabia,,,,,,,,,,,,,,,,,
Arabia,BEIN SPORTS 5 BACKUP,1,BEIN SPORTS 5 HD (BACKUP) .b,Spor,,Arabia,,,,,,,,,,,,,,,,,
Arabia,BEIN SPORTS 5 BACKUP 2,1,BEIN SPORTS 5 HD (BACKUP 2) .b,Spor,,Arabia,,,,,,,,,,,,,,,,,
Arabia,BEIN SPORTS 6 BACKUP,1,BEIN SPORTS 6 HD (BACKUP) .b,Spor,,Arabia,,,,,,,,,,,,,,,,,
Arabia,BEIN SPORTS 6 LOCAL,1,BEIN SPORTS 6 HD LOCAL .b,Spor,,Arabia,,,,,,,,,,,,,,,,,
Arabia,BEIN SPORTS 7 LOCAL,1,BEIN SPORTS 7 HD LOCAL .b,Spor,,Arabia,,,,,,,,,,,,,,,,,
Arabia,BEIN SPORTS 8 BACKUP,1,BEIN SPORTS 8 HD (BACKUP) .b,Spor,,Arabia,,,,,,,,,,,,,,,,,
Arabia,BEIN SPORTS 9,1,BEIN SPORTS 9 .b,Spor,,Arabia,,,,,,,,,,,,,,,,,
Arabia,BEIN SPORTS 9 BACKUP,1,BEIN SPORTS 9 HD (BACKUP) .b,Spor,,Arabia,,,,,,,,,,,,,,,,,
Arabia,BEIN SPORTS AFC 1 ULTRA,1,BEIN SPORTS AFC 1 ULTRA 4K .b,Spor,,Arabia,,,,,,,,,,,,,,,,,
Arabia,BEIN SPORTS AFC 2 ULTRA,1,BEIN SPORTS AFC 2 ULTRA 4K .b,Spor,,Arabia,,,,,,,,,,,,,,,,,
Arabia,BEIN SPORTS ENGLISH HD1,1,BEIN SPORTS ENGLISH HD1 .b,Spor,,Arabia,,,,,,,,,,,,,,,,,
Arabia,BEIN SPORTS ENGLISH HD2,1,BEIN SPORTS ENGLISH HD2 .b,Spor,,Arabia,,,,,,,,,,,,,,,,,
Arabia,BEIN SPORTS ENGLISH HD3,1,BEIN SPORTS ENGLISH HD3 .b,Spor,,Arabia,,,,,,,,,,,,,,,,,
Arabia,BEIN SPORTS EXTRA 2,1,BEIN SPORTS EXTRA 2 FHD .b,Spor,,Arabia,,,,,,,,,,,,,,,,,
Arabia,BEIN SPORTS FRENCH HD1,1,BEIN SPORTS FRENCH HD1 .b,Spor,,Arabia,,,,,,,,,,,,,,,,,
Arabia,BEIN SPORTS FRENCH HD2,1,BEIN SPORTS FRENCH HD2 .b,Spor,,Arabia,,,,,,,,,,,,,,,,,
Arabia,BEIN SPORTS PREMIUM 1 LOCAL,1,BEIN SPORTS PREMIUM 1 HD LOCAL .b,Spor,,Arabia,,,,,,,,,,,,,,,,,
Arabia,BEIN SPORTS PREMIUM 2 LOCAL,1,BEIN SPORTS PREMIUM 2 HD LOCAL .b,Spor,,Arabia,,,,,,,,,,,,,,,,,
Arabia,BEIN SPORTS XTRA 1 BACKUP,1,BEIN SPORTS XTRA 1 HD (BACKUP) .b,Spor,,Arabia,,,,,,,,,,,,,,,,,
Arabia,BEINSPORT AR 2,1,BEINSPORT AR 2 .b,Ulusal,,Arabia,,,,,,,,,,,,,,,,,
Arabia,BEINSPORT AR 3,1,BEINSPORT AR 3 .b,Ulusal,,Arabia,,,,,,,,,,,,,,,,,
Arabia,BEINSPORT AR 6,1,BEINSPORT AR 6 .b,Ulusal,,Arabia,,,,,,,,,,,,,,,,,
Arabia,BELODY AFLAM,1,BELODY AFLAM .b,Ulusal,,Arabia,,,,,,,,,,,,,,,,,
Arabia,BK EG ON SPORT 1,1,BK: [EG] ON SPORT 1 .b,Spor,,Arabia,,,,,,,,,,,,,,,,,
Arabia,BK EG ON SPORT 2,1,BK: [EG] ON SPORT 2 .b,Spor,,Arabia,,,,,,,,,,,,,,,,,
Arabia,BK EG SADA ELBALAD DRAMA,1,BK: [EG] SADA ELBALAD DRAMA .b,Film,,Arabia,,,,,,,,,,,,,,,,,
Arabia,BK SHM* JORDAN SPORT,1,BK: [SHM*] JORDAN SPORT .b,Spor,,Arabia,,,,,,,,,,,,,,,,,
Arabia,C20 ARG CANAL 20 VILLA MARIA,1,C20 ARG: CANAL 20 VILLA MARÍA .b,Ulusal,,Arabia,,,,,,,,,,,,,,,,,
Arabia,C5SF,1,C5SF .c,Ulusal,,Arabia,,,,,,,,,,,,,,,,,
Arabia,CADENA 103,1,CADENA 103 .c,Ulusal,AR,Argentina,https://i.imgur.com/vBsry35.png,iptv-org-exact,1.100,Cadena103TV.ar,Cadena103.TV,AR,Argentina,,http://www.cadena103.com.ar/,,,,,,,,
Arabia,CAIRO AFLAM,1,CAIRO AFLAM .b,Ulusal,,Arabia,,,,,,,,,,,,,,,,,
Arabia,CAIRO CINEMA,1,CAIRO CINEMA .b,Film,,Arabia,,,,,,,,,,,,,,,,,
Arabia,CAIRO DRAMA,1,CAIRO DRAMA .b,Film,,Arabia,,,,,,,,,,,,,,,,,
Arabia,CAMARAS LIVE 4,1,CAMARAS LIVE 4 .c,Ulusal,,Arabia,,,,,,,,,,,,,,,,,
Arabia,CANAL 10 CORDOBA,1,CANAL 10 CORDOBA .c,Ulusal,AR,Argentina,https://i.imgur.com/87WCHtd.png,iptv-org-exact,1.100,Canal10Cordoba.ar,Canal 10 Cordoba,AR,Argentina,,,,,,,,,,
Arabia,CANAL 10 NEUQU N,1,CANAL 10 NEUQU N .b,Ulusal,,Arabia,,,,,,,,,,,,,,,,,
Arabia,CANAL 10 NORTEVISION,1,CANAL 10 NORTEVISION .b,Ulusal,AR,Argentina,https://i.imgur.com/Uqf93Mu.png,iptv-org-exact,1.100,Canal10Nortevision.ar,Canal10 Nortevision,AR,Argentina,,https://www.nortevision.online/,,,,,,,,
Arabia,CANAL 10 RIO NEGRO,1,CANAL 10 RIO NEGRO .b,Ulusal,AR,Argentina,https://i.imgur.com/zpJdUVC.png,iptv-org-exact,1.100,Canal10TVRioNegro.ar,Canal 10 TV Rio Negro,AR,Argentina,,https://diario10.com.ar/,,,,,,,,
Arabia,CANAL 2 SALTA,1,CANAL 2 SALTA .b,Ulusal,AR,Argentina,https://i.imgur.com/kwOIiaO.png,iptv-org-exact,1.100,Canal2Salta.ar,Canal 2 Salta,AR,Argentina,,https://www.tvcanal2.com/,,,,,,,,
Arabia,CANAL 21 ARG V,1,CANAL 21 ARG: V .b,Ulusal,,Arabia,,,,,,,,,,,,,,,,,
Arabia,CANAL 3 FORMOSA,1,CANAL 3 FORMOSA .b,Ulusal,AR,Argentina,https://i.imgur.com/rVDrNIy.png,iptv-org-exact,1.100,Canal3Formosa.ar,Canal 3 Formosa,AR,Argentina,,https://agenfor.com.ar/,,,,,,,,
Arabia,CANAL 3 LA PAMPA,1,CANAL 3 LA PAMPA .b,Ulusal,AR,Argentina,https://i.imgur.com/SsNFudZ.png,iptv-org-exact,1.100,Canal3LaPampa.ar,Canal 3 La Pampa,AR,Argentina,,https://tvpp.lapampa.gob.ar/,,,,,,,,
Arabia,CANAL 3 LAS HERAS,1,CANAL 3 LAS HERAS .b,Ulusal,AR,Argentina,https://i.imgur.com/bd2afET.png,iptv-org-exact,1.100,Canal3LasHeras.ar,Canal 3 Las Heras,AR,Argentina,,http://www.canal3lasheras.com/,,,,,,,,
Arabia,CANAL 4 BALCARCE,1,CANAL 4 BALCARCE .b,Ulusal,AR,Argentina,https://i.imgur.com/6xYbED7.png,iptv-org-exact,1.100,Canal4Balcarce.ar,Canal 4 Balcarce,AR,Argentina,,https://www.canal4teleba.com.ar/,,,,,,,,
Arabia,CANAL 4 POSADAS,1,CANAL 4 POSADAS .b,Ulusal,AR,Argentina,https://i.imgur.com/tElJr3e.png,iptv-org-exact,1.100,Canal4Posadas.ar,Canal 4 Posadas,AR,Argentina,,http://www.canalcuatroposadas.org/,,,,,,,,
Arabia,CANAL 5 PICO ARG RUNCADO,1,CANAL 5 PICO ARG: RUNCADO .b,Ulusal,,Arabia,,,,,,,,,,,,,,,,,
Arabia,CANAL 5 PICOTRUNCADO,1,CANAL 5 PICOTRUNCADO .c,Ulusal,AR,Argentina,https://i.imgur.com/VwUiSVF.png,iptv-org-exact,1.100,Canal5PicoTruncado.ar,Canal 5 Pico Truncado,AR,Argentina,,http://www.canal5picotruncado.com/,,,,,,,,
Arabia,CANAL 5 SANTA FE,1,CANAL 5 SANTA FE .b,Ulusal,AR,Argentina,https://i.imgur.com/WX0esjQ.png,iptv-org-exact,1.100,Canal5SantaFe.ar,Canal 5 Santa Fe,AR,Argentina,,https://www.c5sf.com/,,,,,,,,
Arabia,CANAL 50 MORTEROS,1,CANAL 50 MORTEROS .c,Ulusal,AR,Argentina,https://i.imgur.com/IDhgBav.png,iptv-org-exact,1.100,Canal50Morteros.ar,Canal 50 Morteros,AR,Argentina,,https://canal50.tv/,,,,,,,,
Arabia,CANAL 6 DIGITAL,1,CANAL 6 DIGITAL .c,Ulusal,,Arabia,,,,,,,,,,,,,,,,,
Arabia,CANAL 6 POSADAS,1,CANAL 6 POSADAS .b,Ulusal,AR,Argentina,https://i.imgur.com/OamBiS5.png,iptv-org-exact,1.100,Canal6Posadas.ar,Canal 6 Posadas,AR,Argentina,,https://www.noticiasdel6.com/,,,,,,,,
Arabia,CANAL 7 ARG V,1,CANAL 7 ARG: V .b,Ulusal,,Arabia,,,,,,,,,,,,,,,,,
Arabia,CANAL 7 NEUQU N,1,CANAL 7 NEUQU N .b,Ulusal,,Arabia,,,,,,,,,,,,,,,,,
Arabia,CANAL 7 SALTA,1,CANAL 7 SALTA .c,Ulusal,AR,Argentina,https://i.imgur.com/CudG6sl.png,iptv-org-exact,1.100,Canal7Salta.ar,Canal 7 Salta,AR,Argentina,,https://canal7salta.com/,,,,,,,,
Arabia,CANAL 79 MAR DEL PLATA,1,CANAL 79 MAR DEL PLATA .b,Ulusal,AR,Argentina,https://i.imgur.com/I93ypGY.png,iptv-org-exact,1.100,Canal79MardelPlata.ar,Canal 79 Mar del Plata,AR,Argentina,,https://canal79tv.com.ar/mardelplata/,,,,,,,,
Arabia,CANAL 79 PUAN,1,CANAL 79 PUAN .b,Ulusal,AR,Argentina,https://i.imgur.com/HYuSqJy.png,iptv-org-exact,1.100,Canal79Puan.ar,Canal 79 Puan,AR,Argentina,,https://canal79tv.com.ar/puan/,,,,,,,,
Arabia,CANAL 79 SANTA CLARA DEL MAR,1,CANAL 79 SANTA CLARA DEL MAR .b,Ulusal,AR,Argentina,https://i.imgur.com/I93ypGY.png,iptv-org-exact,1.100,Canal79SantaClaradelMar.ar,Canal 79 Santa Clara del Mar,AR,Argentina,,https://canal79tv.com.ar/santa-clara-del-mar/,,,,,,,,
Arabia,CANAL 79 VILLA MAZA,1,CANAL 79 VILLA MAZA .b,Ulusal,AR,Argentina,https://i.imgur.com/HYuSqJy.png,iptv-org-exact,1.100,Canal79VillaMaza.ar,Canal 79 Villa Maza,AR,Argentina,,https://canal79tv.com.ar/villa-maza/,,,,,,,,
Arabia,CANAL 9 RIO CUARTO,1,CANAL 9 RIO CUARTO .c,Ulusal,AR,Argentina,https://i.imgur.com/0CmJqGe.png,iptv-org-exact,1.100,Canal9RioCuarto.ar,Canal 9 Rio Cuarto,AR,Argentina,,https://canal9riocuartotv.com.ar/,,,,,,,,
Arabia,CANAL 9 TELEVIDA,1,CANAL 9 TELEVIDA .c,Ulusal,AR,Argentina,https://i.imgur.com/JUtAzg4.png,iptv-org-exact,1.100,Canal9Televida.ar,Canal 9 Televida,AR,Argentina,,https://www.elnueve.com/,,,,,,,,
Arabia,CANAL 907 FM,1,CANAL 907 FM .b,Ulusal,AR,Argentina,https://i.imgur.com/hdwtH9q.png,iptv-org-exact,1.100,Canal907FM.ar,Canal 907 FM,AR,Argentina,,https://fm-comunicar.com.ar/contenido/8025/canal-907-en-vivo,,,,,,,,
Arabia,CANAL ARG DC,1,CANAL ARG: DC .b,Ulusal,,Arabia,,,,,,,,,,,,,,,,,
Arabia,CANAL DE LA CIUDAD,1,CANAL DE LA CIUDAD .c,Ulusal,AR,Argentina,https://i.imgur.com/fNURpai.png,iptv-org-exact,1.100,CanaldelaCiudad.ar,Canal de la Ciudad,AR,Argentina,,https://www.buenosaires.gob.ar/canaldelaciudad,,,,,,,,
Arabia,CANAL TRES LA PAMPA,1,CANAL TRES LA PAMPA .c,Ulusal,,Arabia,,,,,,,,,,,,,,,,,
Arabia,CANAL13 JUJUY ARG V,1,CANAL13 JUJUY ARG: V .b,Ulusal,,Arabia,,,,,,,,,,,,,,,,,
Arabia,CANALLTA ARG V,1,CANALLTA ARG: V .b,Ulusal,,Arabia,,,,,,,,,,,,,,,,,
Arabia,CATAMARCA ARG V,1,CATAMARCA ARG: V .b,Ulusal,,Arabia,,,,,,,,,,,,,,,,,
Arabia,CBC DRAMA BACKUP,1,CBC DRAMA (BACKUP) .b,Film,,Arabia,,,,,,,,,,,,,,,,,
Arabia,CBC LEBANON,1,CBC LEBANON .b,Ulusal,,Arabia,,,,,,,,,,,,,,,,,
Arabia,CELTA TV,1,CELTA TV .c,Ulusal,AR,Argentina,https://i.imgur.com/rwoIF4w.png,iptv-org-exact,1.100,CeltaTV.ar,Celta TV,AR,Argentina,,https://www.celtatv.com.ar/canal-local.php,,,,,,,,
Arabia,CGARG N ESPANOL,1,CGARG: N ESPAÑOL .b,Ulusal,,Arabia,,,,,,,,,,,,,,,,,
Arabia,CHACO ARG V,1,CHACO ARG: V .b,Ulusal,,Arabia,,,,,,,,,,,,,,,,,
Arabia,CHACO TV,1,CHACO TV .c,Ulusal,AR,Argentina,https://i.imgur.com/b6RerDw.png,iptv-org-exact,1.100,ChacoTV.ar,Chaco TV,AR,Argentina,,http://www.chaco.tv/,,,,,,,,
Arabia,CHACRA ARG V,1,CHACRA ARG: V .b,Ulusal,,Arabia,,,,,,,,,,,,,,,,,
Arabia,CHILECITO ARG V,1,CHILECITO ARG: V .b,Ulusal,,Arabia,,,,,,,,,,,,,,,,,
Arabia,CHILECITO TV,1,CHILECITO TV .c,Ulusal,AR,Argentina,https://i.imgur.com/zGubmgZ.png,iptv-org-exact,1.100,ChilecitoTV.ar,Chilecito TV,AR,Argentina,,http://www.diariochilecito.com/,,,,,,,,
Arabia,CIMA ALIBABA,1,CIMA ALIBABA .b,Ulusal,,Arabia,,,,,,,,,,,,,,,,,
Arabia,CLAN TVE,1,CLAN TVE .c,Ulusal,,Arabia,,,,,,,,,,,,,,,,,
Arabia,COPTIC TV 720P NOT 24 7,1,COPTIC TV (720P) [NOT 24/7] .b,Ulusal,,Arabia,,,,,,,,,,,,,,,,,
Arabia,COSMOS ARG V,1,COSMOS ARG: V .b,Ulusal,,Arabia,,,,,,,,,,,,,,,,,
Arabia,COSMOS TV,1,COSMOS TV .c,Ulusal,GR,Greece,https://upload.wikimedia.org/wikipedia/el/b/bb/Channel_9_%CE%98%CE%B5%CF%83%CF%83%CE%B1%CE%BB%CE%BF%CE%BD%CE%AF%CE%BA%CE%B7%CF%82_logo.png,iptv-org-exact,1.100,Channel9Thessaloniki.gr,Channel 9 Thessaloniki,GR,Greece,,,,,,,,,,
Arabia,CPETV,1,CPETV .b,Ulusal,AR,Argentina,https://i.imgur.com/zFgbobO.png,iptv-org-exact,1.100,CPEtv.ar,CPEtv,AR,Argentina,,https://www.cpe.com.ar/cpetvvivo,,,,,,,,
Arabia,DEJLA TV,1,DEJLA TV .b,Ulusal,,Arabia,,,,,,,,,,,,,,,,,
Arabia,DEPORARG V,1,DEPORARG: V .b,Ulusal,,Arabia,,,,,,,,,,,,,,,,,
Arabia,DISCOVERY,1,DISCOVERY HD .b,Belgesel,DE,Germany,https://i.imgur.com/bZpe8af.png,iptv-org-exact,1.100,Discovery.de,Discovery,DE,Germany,entertainment,,,,,,,,,
Arabia,DISCOVERY CHANNEL,1,DISCOVERY CHANNEL .c,Belgesel,DE,Germany,https://i.imgur.com/bZpe8af.png,iptv-org-exact,1.100,Discovery.de,Discovery,DE,Germany,entertainment,,,,,,,,,
Arabia,DISCOVERY ID,1,DISCOVERY ID HD .b,Belgesel,,Arabia,,,,,,,,,,,,,,,,,
Arabia,DISCOVERY SC,1,DISCOVERY SC HD .b,Belgesel,,Arabia,,,,,,,,,,,,,,,,,
Arabia,DIYALANA,1,DIYALANA .b,Ulusal,,Arabia,,,,,,,,,,,,,,,,,
Arabia,DMC BACKUP,1,DMC (BACKUP) .b,Ulusal,,Arabia,,,,,,,,,,,,,,,,,
Arabia,DMC DRAMA BACKUP,1,DMC DRAMA (BACKUP) .b,Film,,Arabia,,,,,,,,,,,,,,,,,
Arabia,DMC KIDS,1,DMC KIDS .b,Cocuk,,Arabia,,,,,,,,,,,,,,,,,
Arabia,DMC MASRAHEYAT,1,DMC MASRAHEYAT .b,Ulusal,,Arabia,,,,,,,,,,,,,,,,,
Arabia,DMC MASRAHEYAT BACKUP,1,DMC MASRAHEYAT (BACKUP) .b,Ulusal,,Arabia,,,,,,,,,,,,,,,,,
Arabia,DMC NEWS,1,DMC NEWS .b,Haber,,Arabia,,,,,,,,,,,,,,,,,
Arabia,DMC SPORTS,1,DMC SPORTS .b,Spor,,Arabia,,,,,,,,,,,,,,,,,
Arabia,DOLLY MOSALSALAT,1,DOLLY MOSALSALAT .b,Ulusal,,Arabia,,,,,,,,,,,,,,,,,
Arabia,DUA CHANNEL 720P,1,DUA CHANNEL (720P) .b,Ulusal,,Arabia,,,,,,,,,,,,,,,,,
Arabia,DUBAI SPORTS 2 720P,1,DUBAI SPORTS 2 (720P) .b,Spor,,Arabia,,,,,,,,,,,,,,,,,
Arabia,DW ESPANOL,1,DW ESPAÑOL .b,Ulusal,,Arabia,,,,,,,,,,,,,,,,,
Arabia,ECO ARG V,1,ECO ARG: V .b,Ulusal,,Arabia,,,,,,,,,,,,,,,,,
Arabia,ECO TV,1,ECO TV .c,Ulusal,MN,Mongolia,https://i.imgur.com/8LpDHYT.png,iptv-org-exact,1.100,EcoTV.mn,Eco TV,MN,Mongolia,,http://ecotv.mn/,,,,,,,,
Arabia,EL SELLOARG V MADARIAGA,1,EL SELLOARG: V MADARIAGA .b,Ulusal,,Arabia,,,,,,,,,,,,,,,,,
Arabia,EMARAT TV,1,EMARAT TV .b,Ulusal,,Arabia,,,,,,,,,,,,,,,,,
Arabia,ENIGMA,1,ENIGMA HD .b,Ulusal,,Arabia,,,,,,,,,,,,,,,,,
Arabia,EPS ARG V ARG CANAL 5,1,EPS ARG: V ARG: CANAL 5 .b,Ulusal,,Arabia,,,,,,,,,,,,,,,,,
Arabia,EWARG N EL ARG CANAL CATOLICO,1,EWARG: N EL ARG: CANAL CATÓLICO .b,Ulusal,,Arabia,,,,,,,,,,,,,,,,,
Arabia,FAMILY DRAMA,1,FAMILY DRAMA .b,Film,,Arabia,,,,,,,,,,,,,,,,,
Arabia,FR,1,FR HD .b,Ulusal,,Arabia,,,,,,,,,,,,,,,,,
Arabia,GLF OMAN 1 TV,1,[GLF] OMAN 1 TV .b,Ulusal,,Arabia,,,,,,,,,,,,,,,,,
Arabia,GLF OMAN 2 MOBASHER,1,[GLF] OMAN 2 MOBASHER .b,Ulusal,,Arabia,,,,,,,,,,,,,,,,,
Arabia,GLF OMAN 3 THAKAFEYA,1,[GLF] OMAN 3 THAKAFEYA .b,Ulusal,,Arabia,,,,,,,,,,,,,,,,,
Arabia,GLF OMAN 4 SPORT,1,[GLF] OMAN 4 SPORT .b,Spor,,Arabia,,,,,,,,,,,,,,,,,
Arabia,GLOBAL ARG V,1,GLOBAL ARG: V .b,Ulusal,,Arabia,,,,,,,,,,,,,,,,,
Arabia,GOLDEN EDGE,1,GOLDEN EDGE .c,Ulusal,MX,Mexico,https://i.imgur.com/SlSbcp3.png,iptv-org-exact,1.100,GoldenEdge.mx,Golden Edge,MX,Mexico,,https://televisa-networks.com/portfolio/golden-edge/,,,,,,,,
Arabia,GOLDEN PLUS,1,GOLDEN PLUS .c,Ulusal,MX,Mexico,https://i.imgur.com/OOEkyM2.png,iptv-org-exact,1.100,GoldenPlus.mx,Golden Plus,MX,Mexico,,,,,,,,,,
Arabia,HADI TV AZERI AND RUSSIAN 720P,1,HADI TV AZERI AND RUSSIAN (720P) .b,Ulusal,,Arabia,,,,,,,,,,,,,,,,,
Arabia,HADI TV HAUSA 720P,1,HADI TV HAUSA (720P) .b,Ulusal,,Arabia,,,,,,,,,,,,,,,,,
Arabia,HADI TV PASHTO AND PERSIAN 720P,1,HADI TV PASHTO AND PERSIAN (720P) .b,Ulusal,,Arabia,,,,,,,,,,,,,,,,,
Arabia,HALA TV 576P NOT 24 7,1,HALA TV (576P) [NOT 24/7] .b,Ulusal,,Arabia,,,,,,,,,,,,,,,,,
Arabia,HBO,1,HBO .c,Film,BR,Brazil,https://upload.wikimedia.org/wikipedia/commons/thumb/f/f9/Logohboplus2019.svg/960px-Logohboplus2019.svg.png,iptv-org-exact,1.100,HBOPlus.br,HBO+,BR,Brazil,,https://www.hbobrasil.com/,,,,,,,,
Arabia,HBO FAMILY,1,HBO FAMILY .c,Film,BR,Brazil,https://upload.wikimedia.org/wikipedia/commons/thumb/2/22/HBO_Family.svg/960px-HBO_Family.svg.png,iptv-org-exact,1.100,HBOFamily.br,HBO Family,BR,Brazil,family,https://br.hbomax.tv/hbofamily,,,,,,,,
Arabia,HD,1,HD الدوري الايطالي .b,Ulusal,,Arabia,,,,,,,,,,,,,,,,,
Arabia,HEWAD AFG,1,HEWAD AFG .b,Ulusal,,Arabia,,,,,,,,,,,,,,,,,
Arabia,HEYA TV,1,HEYA TV .b,Ulusal,,Arabia,,,,,,,,,,,,,,,,,
Arabia,I24 NEWS ARABIC 720P,1,I24 NEWS ARABIC (720P) .b,Haber,,Arabia,,,,,,,,,,,,,,,,,
Arabia,IMAGINE MOVIES,1,IMAGINE MOVIES .b,Film,,Arabia,,,,,,,,,,,,,,,,,
Arabia,IQRAA,1,IQRAA .b,Ulusal,,Arabia,,,,,,,,,,,,,,,,,
Arabia,IQRAA 576P NOT 24 7,1,IQRAA (576P) [NOT 24/7] .b,Ulusal,,Arabia,,,,,,,,,,,,,,,,,
Arabia,IRAQ NOW,1,IRAQ NOW .b,Ulusal,IQ,Iraq,https://i.imgur.com/kSUsgkl.png,iptv-org-exact,1.100,IraqNow.iq,Iraq Now,IQ,Iraq,,,,,,,,,,
Arabia,IRAQIA NEWS,1,IRAQIA NEWS .b,Haber,,Arabia,,,,,,,,,,,,,,,,,
Arabia,IRAQIA SPORT,1,IRAQIA SPORT .b,Spor,,Arabia,,,,,,,,,,,,,,,,,
Arabia,JAMAHIRIYA TV 480P NOT 24 7,1,JAMAHIRIYA TV (480P) [NOT 24/7] .b,Ulusal,,Arabia,,,,,,,,,,,,,,,,,
Arabia,JAWHARA FM 720P NOT 24 7,1,JAWHARA FM (720P) [NOT 24/7] .b,Ulusal,,Arabia,,,,,,,,,,,,,,,,,
Arabia,KAIF TV 576P NOT 24 7,1,KAIF TV (576P) [NOT 24/7] .b,Ulusal,,Arabia,,,,,,,,,,,,,,,,,
Arabia,KIDS CO,1,KIDS CO .c,Cocuk,,Arabia,,,,,,,,,,,,,,,,,
Arabia,KSA ALWESAM TV,1,KSA|ALWESAM TV .b,Ulusal,SA,Saudi Arabia,https://i.imgur.com/rtqVAxf.png,iptv-org-fuzzy,0.953,AlwesamTV.sa,Alwesam TV,SA,Saudi Arabia,,,,,,,,,,
Arabia,KSA IEN TV,1,KSA|IEN TV .b,Ulusal,,Arabia,,,,,,,,,,,,,,,,,
Arabia,KSA KSA SPORTS PLUS 1,1,KSA| KSA SPORTS +1 .b,Spor,,Arabia,,,,,,,,,,,,,,,,,
Arabia,KSA KSA SSC 1,1,[KSA] KSA SSC 1 .b,Spor,,Arabia,,,,,,,,,,,,,,,,,
Arabia,KSA KSA SSC 2,1,[KSA] KSA SSC 2 .b,Spor,,Arabia,,,,,,,,,,,,,,,,,
Arabia,KSA KSA SSC 3,1,[KSA] KSA SSC 3 .b,Spor,,Arabia,,,,,,,,,,,,,,,,,
Arabia,KSA KSA SSC 4,1,[KSA] KSA SSC 4 .b,Spor,,Arabia,,,,,,,,,,,,,,,,,
Arabia,KSA KSA SSC 5,1,[KSA] KSA SSC 5 .b,Spor,,Arabia,,,,,,,,,,,,,,,,,
Arabia,KSA KSA SSC 6,1,[KSA] KSA SSC 6 .b,Spor,,Arabia,,,,,,,,,,,,,,,,,
Arabia,KSA KSA SSC 7,1,[KSA] KSA SSC 7 .b,Spor,,Arabia,,,,,,,,,,,,,,,,,
Arabia,KSA MAJD,1,KSA| MAJD .b,Ulusal,,Arabia,,,,,,,,,,,,,,,,,
Arabia,KSA SAUDI 24,1,KSA| SAUDI 24 .b,Ulusal,,Arabia,,,,,,,,,,,,,,,,,
Arabia,KSA SAUDI AL HAJ,1,KSA| SAUDI AL HAJ .b,Ulusal,,Arabia,,,,,,,,,,,,,,,,,
Arabia,KSA SSC 1,1,KSA SSC 1 .b,Spor,,Arabia,,,,,,,,,,,,,,,,,
Arabia,KSA SSC 2,1,KSA SSC 2 .b,Spor,,Arabia,,,,,,,,,,,,,,,,,
Arabia,KSA SSC 3,1,KSA SSC 3 .b,Spor,,Arabia,,,,,,,,,,,,,,,,,
Arabia,KSA SSC 4,1,KSA SSC 4 .b,Spor,,Arabia,,,,,,,,,,,,,,,,,
Arabia,KSA SSC 5,1,KSA SSC 5 .b,Spor,,Arabia,,,,,,,,,,,,,,,,,
Arabia,KSA SSC 6,1,KSA SSC 6 .b,Spor,,Arabia,,,,,,,,,,,,,,,,,
Arabia,KSA SSC 7,1,KSA SSC 7 .b,Spor,,Arabia,,,,,,,,,,,,,,,,,
Arabia,L YAWM,1,L YAWM HD .b,Ulusal,AE,United Arab Emirates,https://i.imgur.com/0HYTK6w.png,iptv-org-fuzzy,0.937,AlYawm.ae,Al Yawm,AE,United Arab Emirates,,https://alfatv.com/tv/,,,,,,,,
Arabia,LANA PLUS TV SYRIA,1,LANA PLUS TV SYRIA .b,Ulusal,,Arabia,,,,,,,,,,,,,,,,,
Arabia,LARG O ARG ELEVISION,1,LARG: O ARG: ELEVISIÓN .b,Ulusal,,Arabia,,,,,,,,,,,,,,,,,
Arabia,LBC SAT,1,LBC SAT .b,Ulusal,,Arabia,,,,,,,,,,,,,,,,,
Arabia,LCD MOVIES,1,LCD MOVIES .b,Film,,Arabia,,,,,,,,,,,,,,,,,
Arabia,LEMAR AFG,1,LEMAR HD AFG .b,Ulusal,,Arabia,,,,,,,,,,,,,,,,,
Arabia,LIBYA 218,1,LIBYA 218 .b,Ulusal,,Arabia,,,,,,,,,,,,,,,,,
Arabia,LIBYA 218 NEWS,1,LIBYA 218 NEWS .b,Haber,,Arabia,,,,,,,,,,,,,,,,,
Arabia,LIBYA RSMIA CH,1,LIBYA RSMIA CH .b,Ulusal,,Arabia,,,,,,,,,,,,,,,,,
Arabia,LIBYAELWATAN,1,LIBYAELWATAN .b,Ulusal,,Arabia,,,,,,,,,,,,,,,,,
Arabia,LIBYE LIBYA BUSINESS,1,LIBYE| LIBYA BUSINESS FHD .b,Haber,,Arabia,,,,,,,,,,,,,,,,,
Arabia,LIBYIH TV,1,LIBYIH TV .b,Ulusal,,Arabia,,,,,,,,,,,,,,,,,
Arabia,LIKE GECKO CHROME 92 0 4515 131 SAFARI 537 36,1,LIKE GECKO) CHROME/92.0.4515.131 SAFARI/537.36 .b,Ulusal,,Arabia,,,,,,,,,,,,,,,,,
Arabia,LIKE GECKO MOBILE 15E148,1,LIKE GECKO) MOBILE/15E148 .b,Ulusal,,Arabia,,,,,,,,,,,,,,,,,
Arabia,LITUS ARG V,1,LITUS ARG: V .b,Ulusal,,Arabia,,,,,,,,,,,,,,,,,
Arabia,LTV 360P,1,LTV (360P) .b,Ulusal,,Arabia,,,,,,,,,,,,,,,,,
Arabia,M TUNISIA,1,M TUNISIA .b,Ulusal,,Arabia,,,,,,,,,,,,,,,,,
Arabia,MAGIC KIDS 486P,1,MAGIC KIDS (486P) .b,Cocuk,,Arabia,,,,,,,,,,,,,,,,,
Arabia,MAJESTIC ARABIC 1,1,MAJESTIC ARABIC 1 .b,Ulusal,,Arabia,,,,,,,,,,,,,,,,,
Arabia,MAJESTIC ARABIC 2,1,MAJESTIC ARABIC 2 .b,Ulusal,,Arabia,,,,,,,,,,,,,,,,,
Arabia,MAJESTIC ARABIC 3,1,MAJESTIC ARABIC 3 .b,Ulusal,,Arabia,,,,,,,,,,,,,,,,,
Arabia,MAJESTIC ARABIC BOXOFFICE 1,1,MAJESTIC ARABIC BOXOFFICE 1 .b,Ulusal,,Arabia,,,,,,,,,,,,,,,,,
Arabia,MAJESTIC ARABIC BOXOFFICE 2,1,MAJESTIC ARABIC BOXOFFICE 2 .b,Ulusal,,Arabia,,,,,,,,,,,,,,,,,
Arabia,MAJESTIC HOLLYWOOD 1,1,MAJESTIC HOLLYWOOD 1 .b,Ulusal,,Arabia,,,,,,,,,,,,,,,,,
Arabia,MAJESTIC HOLLYWOOD 2,1,MAJESTIC HOLLYWOOD 2 .b,Ulusal,,Arabia,,,,,,,,,,,,,,,,,
Arabia,MAJESTIC HOLLYWOOD 3,1,MAJESTIC HOLLYWOOD 3 .b,Ulusal,,Arabia,,,,,,,,,,,,,,,,,
Arabia,MAJESTIC HOLLYWOOD BOXOFFICE 1,1,MAJESTIC HOLLYWOOD BOXOFFICE 1 .b,Ulusal,,Arabia,,,,,,,,,,,,,,,,,
Arabia,MAJESTIC HOLLYWOOD BOXOFFICE 2,1,MAJESTIC HOLLYWOOD BOXOFFICE 2 .b,Ulusal,,Arabia,,,,,,,,,,,,,,,,,
Arabia,MAJESTIC KIDS 1,1,MAJESTIC KIDS 1 .b,Cocuk,,Arabia,,,,,,,,,,,,,,,,,
Arabia,MAJESTIC KIDS 2,1,MAJESTIC KIDS 2 .b,Cocuk,,Arabia,,,,,,,,,,,,,,,,,
Arabia,MAJESTIC KIDS 3,1,MAJESTIC KIDS 3 .b,Cocuk,,Arabia,,,,,,,,,,,,,,,,,
Arabia,MAJESTIC NETFLIX 2,1,MAJESTIC NETFLIX 2 .b,Ulusal,,Arabia,,,,,,,,,,,,,,,,,
Arabia,MAJESTIC NETFLIX 3,1,MAJESTIC NETFLIX 3 .b,Ulusal,,Arabia,,,,,,,,,,,,,,,,,
Arabia,MAJID KIDS,1,MAJID KIDS .b,Cocuk,,Arabia,,,,,,,,,,,,,,,,,
Arabia,MAS FM 95 9,1,MÁS FM 95.9 .b,Ulusal,,Arabia,,,,,,,,,,,,,,,,,
Arabia,MASR ALHAYAH,1,MASR ALHAYAH .b,Ulusal,,Arabia,,,,,,,,,,,,,,,,,
Arabia,MAWAL TV,1,MAWAL TV .b,Ulusal,,Arabia,,,,,,,,,,,,,,,,,
Arabia,MAZAZIKH TV,1,MAZAZIKH TV .b,Ulusal,,Arabia,,,,,,,,,,,,,,,,,
Arabia,MBC ACTION,1,MBC ACTION .b,Film,AE,United Arab Emirates,https://i.imgur.com/OWZAghw.png,iptv-org-exact,1.100,MBCAction.ae,MBC Action,AE,United Arab Emirates,entertainment,http://www.mbc.net/en/mbc-action.html,,,,,,,,
Arabia,MBC DRAMA,1,MBC DRAMA .b,Film,AE,United Arab Emirates,https://i.imgur.com/g5PWnqp.png,iptv-org-exact,1.100,MBCDrama.ae,MBC Drama,AE,United Arab Emirates,entertainment,https://www.mbc.net/channels/mbc-drama,,,,,,,,
Arabia,MBC DRAMA KSA,1,MBC DRAMA KSA (FHD) .b,Film,,Arabia,,,,,,,,,,,,,,,,,
Arabia,MBC PLUS DRAMA,1,MBC PLUS DRAMA (FHD) .b,Film,AE,United Arab Emirates,https://i.imgur.com/g5PWnqp.png,iptv-org-exact,1.100,MBCDrama.ae,MBC Drama,AE,United Arab Emirates,entertainment,https://www.mbc.net/channels/mbc-drama,,,,,,,,
Arabia,MEDI1 TNT,1,MEDI1 TNT .b,Ulusal,,Arabia,,,,,,,,,,,,,,,,,
Arabia,MEDI1 TV,1,MEDI1.TV.HD .b,Ulusal,,Arabia,,,,,,,,,,,,,,,,,
Arabia,MEGACLASSIC,1,MEGACLASSIC .c,Ulusal,,Arabia,,,,,,,,,,,,,,,,,
Arabia,MELODY CINEMA,1,MELODY CINEMA .b,Film,,Arabia,,,,,,,,,,,,,,,,,
Arabia,MELODY CINEMA BACKUP,1,MELODY CINEMA (BACKUP) .b,Film,,Arabia,,,,,,,,,,,,,,,,,
Arabia,MELODY CLASSIC BACKUP,1,MELODY CLASSIC (BACKUP) .b,Muzik,,Arabia,,,,,,,,,,,,,,,,,
Arabia,METRO,1,METRO .c,Ulusal,AR,Argentina,https://i.imgur.com/D4nRp62.png,iptv-org-exact,1.100,Metro.ar,Metro,AR,Argentina,,,,,,,,,,
Arabia,METRO ARG V,1,METRO ARG: V .b,Ulusal,,Arabia,,,,,,,,,,,,,,,,,
Arabia,MILENNIO ARG V,1,MILENNIO ARG: V .b,Ulusal,,Arabia,,,,,,,,,,,,,,,,,
Arabia,MIX ONE,1,MIX ONE .c,Ulusal,,Arabia,,,,,,,,,,,,,,,,,
Arabia,MOONBUG,1,MOONBUG .c,Ulusal,,Arabia,,,,,,,,,,,,,,,,,
Arabia,MOVIES COMEDY,1,MOVIES COMEDY .b,Film,,Arabia,,,,,,,,,,,,,,,,,
Arabia,MOVIES DISNEY,1,MOVIES DISNEY HD .b,Cocuk,,Arabia,,,,,,,,,,,,,,,,,
Arabia,MOVIES FIRST,1,MOVIES FIRST HD .b,Film,,Arabia,,,,,,,,,,,,,,,,,
Arabia,MOVIES FIRST PLUS 2,1,MOVIES FIRST+2 HD .b,Film,,Arabia,,,,,,,,,,,,,,,,,
Arabia,MOVIES FRIST,1,MOVIES FRIST .b,Film,,Arabia,,,,,,,,,,,,,,,,,
Arabia,MOVIES HOLLYWOOD,1,MOVIES HOLLYWOOD .b,Film,,Arabia,,,,,,,,,,,,,,,,,
Arabia,MOVIES PREMIERE,1,MOVIES PREMIERE .b,Film,,Arabia,,,,,,,,,,,,,,,,,
Arabia,MOVIES SHOWCASE,1,MOVIES SHOWCASE .b,Film,,Arabia,,,,,,,,,,,,,,,,,
Arabia,MTV LEBANON,1,MTV LEBANON .b,Muzik,LB,Lebanon,https://upload.wikimedia.org/wikipedia/commons/7/75/Murr_tv.png,iptv-org-exact,1.100,MTVLebanon.lb,MTV Lebanon,LB,Lebanon,general,http://www.mtv.com.lb/,,,,,,,,
Arabia,MTV LIVE,1,MTV LIVE .c,Muzik,FI,Finland,https://upload.wikimedia.org/wikipedia/commons/thumb/6/68/MTV_2021_%28brand_version%29.svg/960px-MTV_2021_%28brand_version%29.svg.png,iptv-org-exact,1.100,MTV.fi,MTV,FI,Finland,entertainment,http://www.musictelevision.fi/,,,,,,,,
Arabia,MUCH ARGENTINA,1,MUCH ARGENTINA .c,Ulusal,,Arabia,,,,,,,,,,,,,,,,,
Arabia,MUSIC SHA3BY TV,1,MUSIC SHA3BY TV .b,Muzik,,Arabia,,,,,,,,,,,,,,,,,
Arabia,MUSICTV ARAB,1,MUSICTV ARAB .b,Ulusal,,Arabia,,,,,,,,,,,,,,,,,
Arabia,MYHD MBC 1,1,MYHD-MBC 1 HD .b,Ulusal,,Arabia,,,,,,,,,,,,,,,,,
Arabia,MYHD MBC 2,1,MYHD-MBC 2 HD .b,Ulusal,,Arabia,,,,,,,,,,,,,,,,,
Arabia,MYHD MBC 3,1,MYHD-MBC 3 HD .b,Ulusal,,Arabia,,,,,,,,,,,,,,,,,
Arabia,MYHD MBC 4,1,MYHD-MBC 4 HD .b,Ulusal,,Arabia,,,,,,,,,,,,,,,,,
Arabia,MYHD MBC DRAMA,1,MYHD-MBC DRAMA HD .b,Film,,Arabia,,,,,,,,,,,,,,,,,
Arabia,MYHD MBC PLUS DRAMA,1,MYHD-MBC PLUS DRAMA .b,Film,,Arabia,,,,,,,,,,,,,,,,,
Arabia,NABAA TV 720P NOT 24 7,1,NABAA TV (720P) [NOT 24/7] .b,Ulusal,,Arabia,,,,,,,,,,,,,,,,,
Arabia,NABLUS TV 720P NOT 24 7,1,NABLUS TV (720P) [NOT 24/7] .b,Ulusal,,Arabia,,,,,,,,,,,,,,,,,
Arabia,NAT 1 TNT,1,NAT 1 TNT .b,Ulusal,,Arabia,,,,,,,,,,,,,,,,,
Arabia,NAT 2 TNT,1,NAT 2 TNT .b,Ulusal,,Arabia,,,,,,,,,,,,,,,,,
Arabia,NAT GEO WILD BACKUP,1,NAT GEO WILD (BACKUP) .b,Belgesel,,Arabia,,,,,,,,,,,,,,,,,
Arabia,NEARG ARG V,1,NEARG: ARG: V .b,Ulusal,,Arabia,,,,,,,,,,,,,,,,,
Arabia,NEO ARG V 432P,1,NEO ARG: V (432P) .b,Ulusal,,Arabia,,,,,,,,,,,,,,,,,
Arabia,NICK TOON,1,NICK TOON HD .b,Cocuk,,Arabia,,,,,,,,,,,,,,,,,
Arabia,NICKELODEON BACKUP,1,NICKELODEON (BACKUP) .b,Ulusal,,Arabia,,,,,,,,,,,,,,,,,
Arabia,NOOR AL SHAM,1,NOOR AL SHAM .b,Dini,,Arabia,,,,,,,,,,,,,,,,,
Arabia,NOOR DUBAI 576P,1,NOOR DUBAI (576P) .b,Dini,,Arabia,,,,,,,,,,,,,,,,,
Arabia,NOOR TV AFG,1,NOOR TV AFG .b,Dini,,Arabia,,,,,,,,,,,,,,,,,
Arabia,NOORSAT,1,NOORSAT .b,Ulusal,,Arabia,,,,,,,,,,,,,,,,,
Arabia,NOUR AL KODDAS 406P NOT 24 7,1,NOUR AL KODDAS (406P) [NOT 24/7] .b,Ulusal,,Arabia,,,,,,,,,,,,,,,,,
Arabia,NUEVO ARG IEMPO,1,NUEVO ARG: IEMPO .b,Ulusal,,Arabia,,,,,,,,,,,,,,,,,
Arabia,ON E BACKUP,1,ON E (BACKUP) .b,Ulusal,,Arabia,,,,,,,,,,,,,,,,,
Arabia,ON LIVE,1,ON LIVE .b,Ulusal,,Arabia,,,,,,,,,,,,,,,,,
Arabia,ON SPORT,1,ON SPORT .b,Spor,,Arabia,,,,,,,,,,,,,,,,,
Arabia,ON TIME SPORTS 3FHD,1,ON TIME SPORTS 3FHD .b,Spor,,Arabia,,,,,,,,,,,,,,,,,
Arabia,ON TIME SPORTS 3HD,1,ON TIME SPORTS 3HD .b,Spor,,Arabia,,,,,,,,,,,,,,,,,
Arabia,OSCAR TV,1,OSCAR TV .b,Ulusal,,Arabia,,,,,,,,,,,,,,,,,
Arabia,OSN BBC EARTH,1,OSN BBC EARTH .b,Belgesel,,Arabia,,,,,,,,,,,,,,,,,
Arabia,OSN TLC,1,OSN TLC HD .b,Yasam,,Arabia,,,,,,,,,,,,,,,,,
Arabia,OSN WWE TV,1,OSN WWE TV .b,Ulusal,AE,United Arab Emirates,https://i.imgur.com/MEyPNtA.png,iptv-org-fuzzy,0.855,OSNW.ae,OSN W,AE,United Arab Emirates,,https://www.osn.com/en-ae/explore/channels/osw/osn-w,,,,,,,,
Arabia,OSN YA HALA AL OULA,1,OSN YA HALA AL-OULA HD .b,Ulusal,,Arabia,,,,,,,,,,,,,,,,,
Arabia,OSN YA HALA CINEMA,1,OSN YA HALA CINEMA HD .b,Film,,Arabia,,,,,,,,,,,,,,,,,
Arabia,OYOON ALWATAN,1,OYOON ALWATAN .b,Ulusal,,Arabia,,,,,,,,,,,,,,,,,
Arabia,PAKAPAKA BACKUP,1,PAKAPAKA (BACKUP) .b,Ulusal,,Arabia,,,,,,,,,,,,,,,,,
Arabia,PALESTINE NEWS,1,PALESTINE.NEWS .b,Haber,,Arabia,,,,,,,,,,,,,,,,,
Arabia,PANORAMA DRAMA,1,PANORAMA DRAMA .b,Film,,Arabia,,,,,,,,,,,,,,,,,
Arabia,PANORAMA DRAMA 2,1,PANORAMA DRAMA 2 .b,Film,,Arabia,,,,,,,,,,,,,,,,,
Arabia,PANORAMA DRAMA 2 BACKUP,1,PANORAMA DRAMA 2 (BACKUP) .b,Film,,Arabia,,,,,,,,,,,,,,,,,
Arabia,PANORAMA DRAMA BACKUP,1,PANORAMA DRAMA (BACKUP) .b,Film,,Arabia,,,,,,,,,,,,,,,,,
Arabia,PANORAMA FILM,1,PANORAMA FILM .b,Film,,Arabia,,,,,,,,,,,,,,,,,
Arabia,PANORAMA FILM BACKUP,1,PANORAMA FILM (BACKUP) .b,Film,,Arabia,,,,,,,,,,,,,,,,,
Arabia,PANORAMA FOOD,1,PANORAMA FOOD .b,Yasam,,Arabia,,,,,,,,,,,,,,,,,
Arabia,PANORAMA FOOD BACKUP,1,PANORAMA FOOD (BACKUP) .b,Yasam,,Arabia,,,,,,,,,,,,,,,,,
Arabia,PLATZI ARG V,1,PLATZI ARG: V .b,Ulusal,,Arabia,,,,,,,,,,,,,,,,,
Arabia,PLAY ARG ELEVISION,1,PLAY ARG: ELEVISION .b,Ulusal,,Arabia,,,,,,,,,,,,,,,,,
Arabia,POWER MAX RADIO ARG V,1,POWER MAX RADIO ARG: V .b,Muzik,,Arabia,,,,,,,,,,,,,,,,,
Arabia,POWER MAX RADIO TV,1,POWER MAX RADIO TV .c,Muzik,AR,Argentina,https://i.ibb.co/qgZLYDj/channels4-profile-6.jpg,iptv-org-exact,1.100,PowerMaxRadioTV.ar,Power Max Radio TV,AR,Argentina,entertainment,https://www.fmpowermax.com.ar/,,,,,,,,
Arabia,POWERHD,1,POWERHD .b,Ulusal,AR,Argentina,https://i.imgur.com/15gMDG0.png,iptv-org-exact,1.100,PowerHD.ar,PowerHD,AR,Argentina,,https://www.radiopower.com.ar/powerhd/webroot/index.php?altvideoplayer=1,,,,,,,,
Arabia,PUBLITOOLS,1,PUBLITOOLS .b,Ulusal,,Arabia,,,,,,,,,,,,,,,,,
Arabia,QAF TV,1,QAF TV (FHD) .b,Ulusal,TR,Turkey,https://i.imgur.com/hrk7Uce.png,iptv-org-exact,1.100,QafTV.tr,Qaf TV,TR,Turkey,,https://www.qaf.tv/,,,,,,,,
Arabia,QU MOROCCO PA,1,♥QU♥ MOROCCO ♥PA♥ .b,Ulusal,,Arabia,,,,,,,,,,,,,,,,,
Arabia,RADIO ABDULBASIT ABDULSAMAD,1,RADIO: ABDULBASIT ABDULSAMAD .b,Ulusal,,Arabia,,,,,,,,,,,,,,,,,
Arabia,RADIO ABDULLAH ALMATTROD,1,RADIO: ABDULLAH ALMATTROD .b,Ulusal,,Arabia,,,,,,,,,,,,,,,,,
Arabia,RADIO ABDULMOHSEN ALQASIM,1,RADIO: ABDULMOHSEN ALQASIM .b,Ulusal,,Arabia,,,,,,,,,,,,,,,,,
Arabia,RADIO ALLAHU AKBAR EGY,1,RADIO: ALLAHU AKBAR (EGY) .b,Ulusal,,Arabia,,,,,,,,,,,,,,,,,
Arabia,RADIO ARG V NEUQU N,1,RADIO ARG: V NEUQU N .b,Ulusal,,Arabia,,,,,,,,,,,,,,,,,
Arabia,RADIO FANN JORDAN CITY VIEW 180P NOT 24 7,1,RADIO FANN JORDAN: CITY VIEW (180P) [NOT 24/7] .b,Ulusal,JO,Jordan,https://i.imgur.com/kyUtYM4.png,iptv-org-fuzzy,1.041,RadioFannJordanCityView.jo,Radio Fann Jordan City View,JO,Jordan,,,,,,,,,,
Arabia,RADIO IZLAM,1,RADIO: IZLAM .b,Ulusal,,Arabia,,,,,,,,,,,,,,,,,
Arabia,RADIO YAQEEN JORDAN STUDIO 180P NOT 24 7,1,RADIO YAQEEN JORDAN: STUDIO (180P) [NOT 24/7] .b,Ulusal,JO,Jordan,https://cdn-profiles.tunein.com/s199080/images/logod.png,iptv-org-fuzzy,1.034,RadioYaqeenJordanStudio.jo,Radio Yaqeen Jordan Studio,JO,Jordan,,,,,,,,,,
Arabia,RADIOARG CANAL SAN FRANCISCO,1,RADIOARG: CANAL SAN FRANCISCO .b,Ulusal,,Arabia,,,,,,,,,,,,,,,,,
Arabia,RAJEEN TV NOT 24 7,1,RAJEEN TV (FHD) [NOT 24/7] .b,Ulusal,PS,Palestine,https://i.imgur.com/6Cx22ya.png,iptv-org-exact,1.100,RajeenTV.ps,Rajeen TV,PS,Palestine,,https://www.rajeen.tv/,,,,,,,,
Arabia,RARG N NEUQU N,1,RARG: N (NEUQU N) .b,Ulusal,,Arabia,,,,,,,,,,,,,,,,,
Arabia,ROTANA AFLAM,1,ROTANA AFLAM .b,Ulusal,SA,Saudi Arabia,https://i.imgur.com/DCVePT4.png,iptv-org-exact,1.100,RotanaAflam.sa,Rotana Aflam,SA,Saudi Arabia,,,,,,,,,,
Arabia,ROTANA CINEMA,1,ROTANA CINEMA .b,Film,,Arabia,,,,,,,,,,,,,,,,,
Arabia,ROTANA CLIP,1,ROTANA CLIP .b,Ulusal,SA,Saudi Arabia,https://i.imgur.com/nhREk0o.png,iptv-org-exact,1.100,RotanaClip.sa,Rotana Clip,SA,Saudi Arabia,,https://rotana.net/,,,,,,,,
Arabia,ROTANA RADIO JORDAN STUDIO 180P NOT 24 7,1,ROTANA RADIO JORDAN: STUDIO (180P) [NOT 24/7] .b,Ulusal,JO,Jordan,https://i.imgur.com/xGDjlp5.png,iptv-org-fuzzy,1.034,RotanaRadioJordanStudio.jo,Rotana Radio Jordan Studio,JO,Jordan,,,,,,,,,,
Arabia,ROTANA TARAB JORDAN CITY VIEW 180P NOT 24 7,1,ROTANA TARAB JORDAN: CITY VIEW (180P) [NOT 24/7] .b,Ulusal,JO,Jordan,https://i.imgur.com/NjgOBts.png,iptv-org-fuzzy,1.046,RotanaTarabJordanCityView.jo,Rotana Tarab Jordan City View,JO,Jordan,,,,,,,,,,
Arabia,ROYA TV 720P NOT 24 7,1,ROYA TV (720P) [NOT 24/7] .b,Ulusal,,Arabia,,,,,,,,,,,,,,,,,
Arabia,SADA EL BALAD,1,SADA EL BALAD .b,Ulusal,EG,Egypt,https://i.imgur.com/vOKvPeK.png,iptv-org-exact,1.100,SadaElbalad.eg,Sada Elbalad,EG,Egypt,,https://www.elbalad.news/,,,,,,,,
Arabia,SALAM TV,1,SALAM TV (FHD) .b,Dini,ID,Indonesia,https://i.imgur.com/00Ifzgo.png,iptv-org-exact,1.100,SalamTV.id,Salam TV,ID,Indonesia,,https://salamtelevisi.com/,,,,,,,,
Arabia,SAMA TV 578P NOT 24 7,1,SAMA TV (578P) [NOT 24/7] .b,Ulusal,,Arabia,,,,,,,,,,,,,,,,,
Arabia,SANTA FE ARG CANAL,1,SANTA FE ARG: CANAL .b,Ulusal,,Arabia,,,,,,,,,,,,,,,,,
Arabia,SANTA FE CANAL,1,SANTA FE CANAL .b,Ulusal,AR,Argentina,https://i.imgur.com/C1mY5X4.png,iptv-org-exact,1.100,SantaFeCanal.ar,Santa Fe Canal,AR,Argentina,,https://www.santafecanal.com.ar/,,,,,,,,
Arabia,SANTA MARIA TV,1,SANTA MARIA TV .b,Ulusal,CL,Chile,https://i.imgur.com/SnbGpoK.png,iptv-org-exact,1.100,SantaMariaTelevision.cl,Santa Maria Television,CL,Chile,,https://santamariatv.cl/,,,,,,,,
Arabia,SAT 7 ARABIC 240P,1,SAT 7 ARABIC (240P) .b,Ulusal,CY,Cyprus,https://i.imgur.com/BzDjQeQ.png,iptv-org-fuzzy,0.875,Sat7Arabic.cy,Sat 7 Arabic,CY,Cyprus,,https://sat7.org/our-channels/channel-overview/sat-7-arabic,,,,,,,,
Arabia,SAUDI AL HAJ,1,SAUDI AL HAJ .b,Ulusal,,Arabia,,,,,,,,,,,,,,,,,
Arabia,SAUDIA 1,1,SAUDIA 1 .b,Ulusal,,Arabia,,,,,,,,,,,,,,,,,
Arabia,SAUDIA QURAN,1,SAUDIA QURAN .b,Dini,,Arabia,,,,,,,,,,,,,,,,,
Arabia,SAUDIA SUNNAH,1,SAUDIA SUNNAH .b,Ulusal,,Arabia,,,,,,,,,,,,,,,,,
Arabia,SCARE TV,1,SCARE TV .b,Ulusal,,Arabia,,,,,,,,,,,,,,,,,
Arabia,SCARE TV BACKUP,1,SCARE TV (BACKUP) .b,Ulusal,,Arabia,,,,,,,,,,,,,,,,,
Arabia,SEMSEM,1,SEMSEM .b,Ulusal,,Arabia,,,,,,,,,,,,,,,,,
Arabia,SENILLOSA ARG V,1,SENILLOSA ARG: V .b,Ulusal,,Arabia,,,,,,,,,,,,,,,,,
Arabia,SERIES FIRST,1,SERIES FIRST HD .b,Film,,Arabia,,,,,,,,,,,,,,,,,
Arabia,SERIES PRIME,1,SERIES PRIME .b,Film,,Arabia,,,,,,,,,,,,,,,,,
Arabia,SERIES1,1,SERIES1 .b,Ulusal,,Arabia,,,,,,,,,,,,,,,,,
Arabia,SERIES2,1,SERIES2 .b,Ulusal,,Arabia,,,,,,,,,,,,,,,,,
Arabia,SHABAB FM 720P NOT 24 7,1,SHABAB FM (720P) [NOT 24/7] .b,Ulusal,PS,Palestine,https://i.imgur.com/4Cyz4Bn.png,iptv-org-fuzzy,0.909,ShababFM.ps,Shabab FM,PS,Palestine,,https://shababfm.ps/,,,,,,,,
Arabia,SHABAB TV,1,SHABAB TV .b,Ulusal,PS,Palestine,https://i.imgur.com/4Cyz4Bn.png,iptv-org-fuzzy,0.911,ShababFM.ps,Shabab FM,PS,Palestine,,https://shababfm.ps/,,,,,,,,
Arabia,SHAHID ACTION 1,1,SHAHID ACTION 1 .c,Film,,Arabia,,,,,,,,,,,,,,,,,
Arabia,SHAHID ACTION 2,1,SHAHID ACTION 2 .c,Film,,Arabia,,,,,,,,,,,,,,,,,
Arabia,SHAHID DRAMA 1,1,SHAHID DRAMA 1 HD .b,Film,,Arabia,,,,,,,,,,,,,,,,,
Arabia,SHARJAH MEN KALBA,1,SHARJAH MEN KALBA HD .b,Ulusal,,Arabia,,,,,,,,,,,,,,,,,
Arabia,SHARO5AN HINDI,1,SHARO5AN HINDI .b,Ulusal,,Arabia,,,,,,,,,,,,,,,,,
Arabia,SHM* JORDAN 7 STARS,1,[SHM*] JORDAN 7 STARS .b,Ulusal,,Arabia,,,,,,,,,,,,,,,,,
Arabia,SHM* JORDAN AGHANI,1,[SHM*] JORDAN AGHANI .b,Ulusal,,Arabia,,,,,,,,,,,,,,,,,
Arabia,SHM* JORDAN AL HAQIQA,1,[SHM*] JORDAN AL HAQIQA .b,Ulusal,,Arabia,,,,,,,,,,,,,,,,,
Arabia,SHM* JORDAN AMMAN TV,1,[SHM*] JORDAN AMMAN TV .b,Ulusal,,Arabia,,,,,,,,,,,,,,,,,
Arabia,SHM* JORDAN BAITY TV,1,[SHM*] JORDAN BAITY TV .b,Ulusal,,Arabia,,,,,,,,,,,,,,,,,
Arabia,SHM* JORDAN JOSAT,1,[SHM*] JORDAN JOSAT .b,Ulusal,,Arabia,,,,,,,,,,,,,,,,,
Arabia,SHM* JORDAN KAIFA,1,[SHM*] JORDAN KAIFA .b,Ulusal,,Arabia,,,,,,,,,,,,,,,,,
Arabia,SHM* JORDAN ROYA TV,1,[SHM*] JORDAN ROYA TV .b,Ulusal,,Arabia,,,,,,,,,,,,,,,,,
Arabia,SICARDI ARG V,1,SICARDI ARG: V .b,Ulusal,,Arabia,,,,,,,,,,,,,,,,,
Arabia,SICARDI TV,1,SICARDI TV .c,Ulusal,AR,Argentina,https://i.imgur.com/W2EUIL2.png,iptv-org-exact,1.100,SicardiTV.ar,Sicardi TV,AR,Argentina,,https://sicarditv.com.ar/,,,,,,,,
Arabia,SKY NEWS ARABIA 720P NOT 24 7,1,SKY NEWS ARABIA (720P) [NOT 24/7] .b,Haber,,Arabia,,,,,,,,,,,,,,,,,
Arabia,SKY NEWS ARABIA PORTRAIT 1280P NOT 24 7,1,SKY NEWS ARABIA (PORTRAIT) (1280P) [NOT 24/7] .b,Haber,,Arabia,,,,,,,,,,,,,,,,,
Arabia,SNIPERS AFLAM MODABLAJA,1,SNIPERS AFLAM MODABLAJA .b,Ulusal,,Arabia,,,,,,,,,,,,,,,,,
Arabia,SNIPERS ARABIC 1,1,SNIPERS ARABIC 1 .b,Ulusal,,Arabia,,,,,,,,,,,,,,,,,
Arabia,SNIPERS ARABIC 2,1,SNIPERS ARABIC 2 .b,Ulusal,,Arabia,,,,,,,,,,,,,,,,,
Arabia,SNIPERS ARABIC 3,1,SNIPERS ARABIC 3 .b,Ulusal,,Arabia,,,,,,,,,,,,,,,,,
Arabia,SNIPERS BOLYWOOD 1,1,SNIPERS BOLYWOOD 1 .b,Ulusal,,Arabia,,,,,,,,,,,,,,,,,
Arabia,SNIPERS BOLYWOOD 2,1,SNIPERS BOLYWOOD 2 .b,Ulusal,,Arabia,,,,,,,,,,,,,,,,,
Arabia,SNIPERS BOLYWOOD 3,1,SNIPERS BOLYWOOD 3 .b,Ulusal,,Arabia,,,,,,,,,,,,,,,,,
Arabia,SNIPERS BOXOFFICE ARABIC 1,1,SNIPERS BOXOFFICE ARABIC 1 .b,Ulusal,,Arabia,,,,,,,,,,,,,,,,,
Arabia,SNIPERS BOXOFFICE ARABIC 2,1,SNIPERS BOXOFFICE ARABIC 2 .b,Ulusal,,Arabia,,,,,,,,,,,,,,,,,
Arabia,SNIPERS BOXOFFICE ARABIC 3,1,SNIPERS BOXOFFICE ARABIC 3 .b,Ulusal,,Arabia,,,,,,,,,,,,,,,,,
Arabia,SNIPERS BOXOFFICE HOLYWOOD 1,1,SNIPERS BOXOFFICE HOLYWOOD 1 .b,Ulusal,,Arabia,,,,,,,,,,,,,,,,,
Arabia,SNIPERS BOXOFFICE HOLYWOOD 2,1,SNIPERS BOXOFFICE HOLYWOOD 2 .b,Ulusal,,Arabia,,,,,,,,,,,,,,,,,
Arabia,SNIPERS DRAMA,1,SNIPERS DRAMA .b,Film,,Arabia,,,,,,,,,,,,,,,,,
Arabia,SNIPERS HOLYWOOD 1,1,SNIPERS HOLYWOOD 1 .b,Ulusal,,Arabia,,,,,,,,,,,,,,,,,
Arabia,SNIPERS HOLYWOOD 2,1,SNIPERS HOLYWOOD 2 .b,Ulusal,,Arabia,,,,,,,,,,,,,,,,,
Arabia,SNIPERS HOLYWOOD 3,1,SNIPERS HOLYWOOD 3 .b,Ulusal,,Arabia,,,,,,,,,,,,,,,,,
Arabia,SNIPERS HORROR,1,SNIPERS HORROR .b,Film,,Arabia,,,,,,,,,,,,,,,,,
Arabia,SNIPERS ISLAM 1,1,SNIPERS ISLAM 1 .b,Dini,,Arabia,,,,,,,,,,,,,,,,,
Arabia,SNIPERS ISLAM 2,1,SNIPERS ISLAM 2 .b,Dini,,Arabia,,,,,,,,,,,,,,,,,
Arabia,SNIPERS KIDS 1,1,SNIPERS KIDS 1 .b,Cocuk,,Arabia,,,,,,,,,,,,,,,,,
Arabia,SNIPERS KIDS 2,1,SNIPERS KIDS 2 .b,Cocuk,,Arabia,,,,,,,,,,,,,,,,,
Arabia,SNIPERS KIDS 3,1,SNIPERS KIDS 3 .b,Cocuk,,Arabia,,,,,,,,,,,,,,,,,
Arabia,SNIPERS MASRAH 1,1,SNIPERS MASRAH 1 .b,Ulusal,,Arabia,,,,,,,,,,,,,,,,,
Arabia,SNIPERS MASRAH 2,1,SNIPERS MASRAH 2 .b,Ulusal,,Arabia,,,,,,,,,,,,,,,,,
Arabia,SNIPERS MASRAH 3,1,SNIPERS MASRAH 3 .b,Ulusal,,Arabia,,,,,,,,,,,,,,,,,
Arabia,SNIPERS MR BEAN,1,SNIPERS MR BEAN .b,Ulusal,,Arabia,,,,,,,,,,,,,,,,,
Arabia,SNIPERS NETFLIX 2,1,SNIPERS NETFLIX 2 .b,Ulusal,,Arabia,,,,,,,,,,,,,,,,,
Arabia,SNIPERS NETFLIX 3,1,SNIPERS NETFLIX 3 .b,Ulusal,,Arabia,,,,,,,,,,,,,,,,,
Arabia,SNIPERS TOM AND JERRY 1,1,SNIPERS TOM AND JERRY 1 .b,Ulusal,,Arabia,,,,,,,,,,,,,,,,,
Arabia,SNIPERS TOM AND JERRY 2,1,SNIPERS TOM AND JERRY 2 .b,Ulusal,,Arabia,,,,,,,,,,,,,,,,,
Arabia,SNIPERS TURKISH,1,SNIPERS TURKISH .b,Ulusal,,Arabia,,,,,,,,,,,,,,,,,
Arabia,SNIPERS WWE 1,1,SNIPERS WWE 1 .b,Ulusal,,Arabia,,,,,,,,,,,,,,,,,
Arabia,SNIPERS WWE 2,1,SNIPERS WWE 2 .b,Ulusal,,Arabia,,,,,,,,,,,,,,,,,
Arabia,SNIPERS ZAMAN 1,1,SNIPERS ZAMAN 1 .b,Ulusal,,Arabia,,,,,,,,,,,,,,,,,
Arabia,SNIPERS ZAMAN 2,1,SNIPERS ZAMAN 2 .b,Ulusal,,Arabia,,,,,,,,,,,,,,,,,
Arabia,SOLIDARIA TV ARGENTINA,1,SOLIDARIA TV ARGENTINA .c,Ulusal,,Arabia,,,,,,,,,,,,,,,,,
Arabia,SOURCE1 BEIN SPORT BARCA,1,SOURCE1 : ♣♦♣♦♣♦♣--BEIN SPORT BARCA HD--♣♦♣♦♣♦♣ .b,Spor,,Arabia,,,,,,,,,,,,,,,,,
Arabia,SOURCE1 BEIN SPORT INTER,1,SOURCE1 : ♣♦♣♦♣♦♣--BEIN SPORT INTER--♣♦♣♦♣♦♣ .b,Spor,,Arabia,,,,,,,,,,,,,,,,,
Arabia,SOURCE1 BEIN SPORT JUVENTUS,1,SOURCE1 : ♣♦♣♦♣♦♣--BEIN SPORT JUVENTUS--♣♦♣♦♣♦♣ .b,Spor,,Arabia,,,,,,,,,,,,,,,,,
Arabia,SOURCE1 BEIN SPORT LIVERPOOL,1,SOURCE1 : ♣♦♣♦♣♦♣--BEIN SPORT LIVERPOOL--♣♦♣♦♣♦♣ .b,Spor,,Arabia,,,,,,,,,,,,,,,,,
Arabia,SOURCE1 BEIN SPORT LOCAL MILAN,1,SOURCE1 : ♣♦♣♦♣♦♣--BEIN SPORT LOCAL MILAN --♣♦♣♦♣♦♣ .b,Spor,,Arabia,,,,,,,,,,,,,,,,,
Arabia,SOURCE1 BEIN SPORT MADRID,1,SOURCE1 : ♣♦♣♦♣♦♣--BEIN SPORT MADRID HD--♣♦♣♦♣♦♣ .b,Spor,,Arabia,,,,,,,,,,,,,,,,,
Arabia,SPACETOON 576P,1,SPACETOON (576P) .b,Ulusal,,Arabia,,,,,,,,,,,,,,,,,
Arabia,SPO AL KASS SPORTS 1,1,[SPO] AL KASS SPORTS 1 .b,Spor,,Arabia,,,,,,,,,,,,,,,,,
Arabia,SPO AL KASS SPORTS 2,1,[SPO] AL KASS SPORTS 2 .b,Spor,,Arabia,,,,,,,,,,,,,,,,,
Arabia,SPO AL KASS SPORTS 3,1,[SPO] AL KASS SPORTS 3 .b,Spor,,Arabia,,,,,,,,,,,,,,,,,
Arabia,SPO AL KASS SPORTS 4,1,[SPO] AL KASS SPORTS 4 .b,Spor,,Arabia,,,,,,,,,,,,,,,,,
Arabia,SPO AL KASS SPORTS 5,1,[SPO] AL KASS SPORTS 5 .b,Spor,,Arabia,,,,,,,,,,,,,,,,,
Arabia,SPO EMIRATES DUBAI RACING 1,1,[SPO] EMIRATES DUBAI RACING 1 .b,Spor,,Arabia,,,,,,,,,,,,,,,,,
Arabia,SPO EMIRATES DUBAI RACING 2,1,[SPO] EMIRATES DUBAI RACING 2 .b,Spor,,Arabia,,,,,,,,,,,,,,,,,
Arabia,SPO EMIRATES DUBAI RACING 3,1,[SPO] EMIRATES DUBAI RACING 3 .b,Spor,,Arabia,,,,,,,,,,,,,,,,,
Arabia,SPO SAUDI SPORT KSA 1,1,[SPO] SAUDI SPORT KSA 1 .b,Spor,,Arabia,,,,,,,,,,,,,,,,,
Arabia,SPO SAUDI SPORT KSA 2,1,[SPO] SAUDI SPORT KSA 2 .b,Spor,,Arabia,,,,,,,,,,,,,,,,,
Arabia,SPO SAUDI SPORT KSA 3,1,[SPO] SAUDI SPORT KSA 3 .b,Spor,,Arabia,,,,,,,,,,,,,,,,,
Arabia,SPO SAUDI SPORT KSA 4,1,[SPO] SAUDI SPORT KSA 4 .b,Spor,,Arabia,,,,,,,,,,,,,,,,,
Arabia,SSC ACTION WALEED NOT 24 7,1,SSC ACTION WALEED (FHD) [NOT 24/7] .b,Film,SA,Saudi Arabia,https://i.imgur.com/agc0IZF.png,iptv-org-exact,1.100,SSCActionWaleed.sa,SSC Action Waleed,SA,Saudi Arabia,sports,,,,,,,,,
Arabia,STAR CINEMA 1,1,STAR CINEMA 1 .b,Film,,Arabia,,,,,,,,,,,,,,,,,
Arabia,STAR CINEMA 2,1,STAR CINEMA 2 .b,Film,,Arabia,,,,,,,,,,,,,,,,,
Arabia,STARZ PLAY SPORT 1,1,STARZ PLAY SPORT 1 HD .b,Spor,,Arabia,,,,,,,,,,,,,,,,,
Arabia,SV CANAL 4,1,SV CANAL 4 .c,Ulusal,,Arabia,,,,,,,,,,,,,,,,,
Arabia,SYFY,1,SYFY .c,Film,UK,United Kingdom,https://d2n0069hmnqmmx.cloudfront.net/epgdata/1.0/newchanlogos/100/40/skychb2505.png,iptv-org-exact,1.100,SkySciFi.uk,Sky Sci-Fi,UK,United Kingdom,,https://www.sky.com/,,,,,,,,
Arabia,SYRIA EDUCATION,1,SYRIA EDUCATION .b,Ulusal,,Arabia,,,,,,,,,,,,,,,,,
Arabia,TAHA TV 360P NOT 24 7,1,TAHA TV (360P) [NOT 24/7] .b,Ulusal,,Arabia,,,,,,,,,,,,,,,,,
Arabia,TAKBEER TV,1,TAKBEER TV (FHD) .b,Ulusal,UK,United Kingdom,https://i.imgur.com/Cvnps2J.jpg,iptv-org-exact,1.100,TakbeerTV.uk,Takbeer TV,UK,United Kingdom,,http://takbeer.tv/,,,,,,,,
Arabia,TAMADON AFG,1,TAMADON AFG .b,Ulusal,,Arabia,,,,,,,,,,,,,,,,,
Arabia,TEBA,1,TEBA .b,Ulusal,,Arabia,,,,,,,,,,,,,,,,,
Arabia,TELECINCO ARG RELEW,1,TELECINCO ARG: RELEW .b,Ulusal,,Arabia,,,,,,,,,,,,,,,,,
Arabia,TELECREATIVA,1,TELECREATIVA .b,Ulusal,AR,Argentina,https://i.imgur.com/PjlAB6x.jpg,iptv-org-exact,1.100,Telecreativa.ar,Telecreativa,AR,Argentina,,https://telecreativa.com/,,,,,,,,
Arabia,TELEDIARIO ARG V,1,TELEDIARIO ARG: V .b,Ulusal,,Arabia,,,,,,,,,,,,,,,,,
Arabia,TELEDIEZ,1,TELEDIEZ .b,Ulusal,AR,Argentina,https://i.imgur.com/cm4NOuM.jpg,iptv-org-exact,1.100,Telediez.ar,Telediez,AR,Argentina,,http://www.infolibres.com/inicio/menuItem/2,,,,,,,,
Arabia,TELEFE,1,TELEFE .c,Ulusal,AR,Argentina,https://upload.wikimedia.org/wikipedia/commons/thumb/c/cc/Telefe_%28nuevo_logo%29.png/960px-Telefe_%28nuevo_logo%29.png,iptv-org-exact,1.100,Telefe.ar,Telefe,AR,Argentina,,https://telefe.com/,,,,,,,,
Arabia,TELEMAX,1,TELEMAX .c,Ulusal,MX,Mexico,https://i.imgur.com/klhTyDU.png,iptv-org-exact,1.100,XEWHTDT.mx,XEWH-TDT,MX,Mexico,,,,,,,,,,
Arabia,TELEMIX,1,TELEMIX .b,Ulusal,AR,Argentina,https://i.imgur.com/qlYSai7.png,iptv-org-exact,1.100,TeleMix.ar,TeleMix,AR,Argentina,,https://latelemix.blogspot.com/,,,,,,,,
Arabia,TEN TV 720P NOT 24 7,1,TEN TV (720P) [NOT 24/7] .b,Ulusal,,Arabia,,,,,,,,,,,,,,,,,
Arabia,TEVE COMPRAS,1,TEVE COMPRAS .c,Ulusal,,Arabia,,,,,,,,,,,,,,,,,
Arabia,TIERRAMIA TV,1,TIERRAMIA TV .b,Ulusal,AR,Argentina,https://i.imgur.com/LQCaoH9.png,iptv-org-exact,1.100,TierraMiaTV.ar,Tierra Mia TV,AR,Argentina,,https://www.diario26.com/,,,,,,,,
Arabia,TOKTOK AFLAM,1,TOKTOK AFLAM .b,Ulusal,,Arabia,,,,,,,,,,,,,,,,,
Arabia,TOKTOK CIMA,1,TOKTOK CIMA .b,Ulusal,,Arabia,,,,,,,,,,,,,,,,,
Arabia,TOLO AFG,1,TOLO HD AFG .b,Ulusal,,Arabia,,,,,,,,,,,,,,,,,
Arabia,TOLO NEWS AFG,1,TOLO NEWS HD AFG .b,Haber,,Arabia,,,,,,,,,,,,,,,,,
Arabia,TRP MIX,1,TRP MIX .b,Ulusal,,Arabia,,,,,,,,,,,,,,,,,
Arabia,TUNISIA NAT 1,1,TUNISIA NAT 1 .b,Ulusal,,Arabia,,,,,,,,,,,,,,,,,
Arabia,TUNISIA NAT 2,1,TUNISIA NAT 2 .b,Ulusal,,Arabia,,,,,,,,,,,,,,,,,
Arabia,TV SOLIDARIA,1,TV SOLIDARIA .b,Ulusal,ES,Spain,https://i.imgur.com/Bgm2iZY.png,iptv-org-exact,1.100,SolidariaTV.es,Solidaria TV,ES,Spain,,,,,,,,,,
Arabia,UNAM ARG RANSMEDIA,1,UNAM ARG: RANSMEDIA .b,Ulusal,,Arabia,,,,,,,,,,,,,,,,,
Arabia,UNIVERSO TV RADIO,1,UNIVERSO TV RADIO .c,Ulusal,,Arabia,,,,,,,,,,,,,,,,,
Arabia,URBANA ARG EVE,1,URBANA ARG: EVE .b,Ulusal,,Arabia,,,,,,,,,,,,,,,,,
Arabia,VER TV,1,VER TV .c,Ulusal,,Arabia,,,,,,,,,,,,,,,,,
Arabia,VERARG V VARG V,1,VERARG: V (VARG: V) .b,Ulusal,,Arabia,,,,,,,,,,,,,,,,,
Arabia,WATAR TV 720P NOT 24 7,1,WATAR TV (720P) [NOT 24/7] .b,Ulusal,,Arabia,,,,,,,,,,,,,,,,,
Arabia,WATTAN TV 720P NOT 24 7,1,WATTAN TV (720P) [NOT 24/7] .b,Ulusal,,Arabia,,,,,,,,,,,,,,,,,
Arabia,WESAL TV,1,WESAL TV .b,Ulusal,ID,Indonesia,https://i.imgur.com/Uv8RWks.png,iptv-org-exact,1.100,WesalTV.id,Wesal TV,ID,Indonesia,,http://wesaltv.id/,,,,,,,,
Arabia,YAHALA BL ARABI,1,YAHALA BL ARABI .b,Ulusal,AE,United Arab Emirates,https://i.imgur.com/963jtZb.png,iptv-org-fuzzy,0.851,OSNYahalaBilArabi.ae,OSN Yahala Bil Arabi,AE,United Arab Emirates,,https://www.osn.com/en-ae/explore/channels/oya/osn-yahala-bil-arabi,,,,,,,,
Arabia,YEMEN,1,YEMEN .b,Ulusal,YE,Yemen,https://i.imgur.com/wN3REXv.png,iptv-org-exact,1.100,YemenTV.ye,Yemen TV,YE,Yemen,,https://yementv.tv/,,,,,,,,
Arabia,YEMEN SAMA,1,YEMEN SAMA .b,Ulusal,,Arabia,,,,,,,,,,,,,,,,,
Arabia,YEMEN TODAY,1,YEMEN TODAY .b,Ulusal,YE,Yemen,https://i.imgur.com/8TzcJu5.png,iptv-org-exact,1.100,YemenTodayTV.ye,Yemen Today TV,YE,Yemen,,http://www.yementoday.tv/,,,,,,,,
Arabia,ZAYTOONA,1,ZAYTOONA .b,Ulusal,,Arabia,,,,,,,,,,,,,,,,,
